product_id,name,category,brand,price,rating,popularity,tags
1000,UrbanLeaf Fashion 177,Fashion,UrbanLeaf,4710.55,3.6,0.75,"formal,casual,unisex,slim-fit"
1001,Strider Sport 806,Sports,Strider,2910.03,3.7,0.776,"strength,waterproof"
1002,Lumine Beauty 182,Beauty,Lumine,3307.77,4.3,0.428,"organic,paraben-free,long-wear"
1003,BluePine Fashion 667,Fashion,BluePine,4620.1,3.8,0.845,"athleisure,winter,summer"
1004,BluePine Fashion 768,Fashion,BluePine,2959.31,4.3,0.683,"cotton,unisex,athleisure,winter"
1005,Quillhouse Book 433,Books,Quillhouse,756.38,4.7,0.577,"non-fiction,self-help,sci-fi,biography"
1006,NovaTech Electronic 790,Electronics,NovaTech,66865.24,3.5,0.709,"portable,noise-cancel,smart,4k"
1007,Lumine Beauty 713,Beauty,Lumine,644.03,4.4,0.614,"fragrance-free,vitamin-c,SPF,long-wear"
1008,GearGrid Automotive 320,Automotive,GearGrid,11580.11,3.8,0.545,"safety,lighting"
1009,PixelPeak Electronic 523,Electronics,PixelPeak,45871.03,3.9,0.633,"wireless,4k,portable"
1010,Bloomly Beauty 348,Beauty,Bloomly,219.19,3.9,0.772,"organic,long-wear,paraben-free"
1011,Inkspire Book 152,Books,Inkspire,492.94,4.2,0.738,"fantasy,sci-fi"
1012,Funfinity Toy 388,Toys,Funfinity,3370.92,3.9,0.691,"STEM,plush"
1013,Athletiq Sport 180,Sports,Athletiq,14557.24,4.3,0.506,"yoga,training,cycling,indoor"
1014,Furnio Home 645,Home,Furnio,11677.23,3.9,0.584,"modern,wood,cozy"
1015,NutriGo Grocery 964,Grocery,NutriGo,457.86,3.6,0.524,"gluten-free,snack,organic,beverage"
1016,CasaCore Home 214,Home,CasaCore,8457.35,3.6,0.532,"cozy,minimal,LED"
1017,DailyFresh Grocery 620,Grocery,DailyFresh,128.55,3.4,0.614,"low-sugar,staple,snack"
1018,Saffra Fashion 780,Fashion,Saffra,3628.36,4.0,0.395,"formal,athleisure,casual"
1019,ModeX Fashion 396,Fashion,ModeX,1122.79,4.8,0.362,"unisex,casual,formal,summer"
1020,GoodGrain Grocery 475,Grocery,GoodGrain,314.91,4.0,0.306,"beverage,vegan,organic"
1021,Athletiq Sport 537,Sports,Athletiq,10016.86,4.3,0.402,"cycling,training,waterproof"
1022,Funfinity Toy 426,Toys,Funfinity,2674.26,3.8,0.572,"collectible,STEM,puzzle,educational"
1023,Saffra Fashion 197,Fashion,Saffra,4130.77,4.1,0.954,"formal,slim-fit,casual,athleisure"
1024,BluePine Fashion 378,Fashion,BluePine,512.25,3.7,0.99,"unisex,athleisure,summer,cotton"
1025,SwiftFit Sport 361,Sports,SwiftFit,10494.12,4.1,0.469,"running,indoor"
1026,GoodGrain Grocery 181,Grocery,GoodGrain,244.79,3.5,0.635,"gluten-free,spice,beverage,snack"
1027,PureGlow Beauty 384,Beauty,PureGlow,3109.85,3.9,0.821,"paraben-free,SPF,organic,vitamin-c"
1028,Electra Electronic 901,Electronics,Electra,20416.19,4.9,0.945,"bluetooth,noise-cancel"
1029,Athletiq Sport 638,Sports,Athletiq,17540.42,4.8,0.421,"waterproof,yoga,indoor,strength"
1030,PureGlow Beauty 116,Beauty,PureGlow,153.35,4.8,0.618,"vitamin-c,organic,matte,fragrance-free"
1031,Pageturn Book 622,Books,Pageturn,378.69,3.9,0.783,"biography,history"
1032,Toyverse Toy 974,Toys,Toyverse,749.21,4.3,0.503,"STEM,collectible"
1033,Homely Home 695,Home,Homely,28685.45,4.0,0.461,"decor,LED,modern"
1034,GreenBarn Grocery 105,Grocery,GreenBarn,96.65,4.1,0.646,"low-sugar,vegan,spice,gluten-free"
1035,Athletiq Sport 520,Sports,Athletiq,15780.36,4.3,0.841,"cycling,training"
1036,FurEver Pet 938,Pets,FurEver,2402.14,4.0,0.388,"health,treats,bedding,toys"
1037,RoadRite Automotive 482,Automotive,RoadRite,16366.89,3.2,0.307,"accessory,storage,cleaning"
1038,Furnio Home 527,Home,Furnio,24569.44,5.0,0.366,"minimal,wood,decor"
1039,Pageturn Book 378,Books,Pageturn,300.42,4.5,0.687,"sci-fi,non-fiction"
1040,RoadRite Automotive 275,Automotive,RoadRite,3063.15,4.0,0.547,"car-care,lighting"
1041,DailyFresh Grocery 631,Grocery,DailyFresh,355.32,4.2,0.67,"staple,organic,snack,spice"
1042,PureGlow Beauty 677,Beauty,PureGlow,806.84,5.0,0.99,"matte,fragrance-free,paraben-free"
1043,PureFarm Grocery 435,Grocery,PureFarm,284.69,3.5,0.838,"vegan,low-sugar"
1044,Athletiq Sport 315,Sports,Athletiq,2341.62,4.6,0.691,"indoor,waterproof,running,strength"
1045,Bloomly Beauty 800,Beauty,Bloomly,623.75,4.0,0.631,"vitamin-c,long-wear,SPF,paraben-free"
1046,GreenBarn Grocery 248,Grocery,GreenBarn,168.91,3.9,0.249,"low-sugar,organic,gluten-free"
1047,KiddiCo Toy 429,Toys,KiddiCo,1737.35,4.1,0.389,"plush,creative"
1048,JoyBox Toy 513,Toys,JoyBox,4593.29,5.0,0.835,"collectible,educational,creative"
1049,Strider Sport 823,Sports,Strider,10840.36,4.1,0.461,"outdoor,cycling"
1050,Bloomly Beauty 671,Beauty,Bloomly,2808.71,4.0,0.834,"vitamin-c,paraben-free"
1051,TorqueX Automotive 175,Automotive,TorqueX,23410.31,4.1,0.366,"lighting,safety"
1052,Whiskerly Pet 181,Pets,Whiskerly,7846.98,3.8,0.397,"grooming,bedding"
1053,Whiskerly Pet 185,Pets,Whiskerly,6199.04,3.8,0.831,"toys,grooming"
1054,GreenBarn Grocery 565,Grocery,GreenBarn,284.18,4.1,0.683,"gluten-free,snack,spice"
1055,GlowGrid Home 207,Home,GlowGrid,3865.27,4.8,0.674,"cozy,wood,minimal,storage"
1056,PlayPulse Toy 814,Toys,PlayPulse,4506.08,4.2,0.654,"outdoor,plush,collectible"
1057,NovaTech Electronic 232,Electronics,NovaTech,74986.01,3.6,0.575,"noise-cancel,bluetooth"
1058,CasaCore Home 225,Home,CasaCore,28108.74,4.2,0.769,"steel,storage,modern"
1059,Leaf&Line Book 955,Books,Leaf&Line,264.87,5.0,0.559,"fiction,fantasy"
1060,Saffra Fashion 749,Fashion,Saffra,4209.75,4.2,0.862,"summer,cotton,slim-fit,formal"
1061,Leaf&Line Book 371,Books,Leaf&Line,1384.82,4.2,0.317,"fiction,history,kids"
1062,Funfinity Toy 660,Toys,Funfinity,4207.95,4.5,0.628,"board-game,outdoor"
1063,SwiftFit Sport 126,Sports,SwiftFit,5119.23,4.0,0.639,"cycling,outdoor,training,strength"
1064,NovaTech Electronic 981,Electronics,NovaTech,1926.24,4.5,0.201,"smart,bluetooth,fast-charge,portable"
1065,TorqueX Automotive 820,Automotive,TorqueX,23208.33,4.2,0.818,"audio,car-care,safety,performance"
1066,DailyFresh Grocery 177,Grocery,DailyFresh,276.04,4.8,0.618,"vegan,beverage,spice,organic"
1067,Flexion Sport 343,Sports,Flexion,14313.13,5.0,0.324,"strength,running,outdoor"
1068,Furnio Home 433,Home,Furnio,26569.71,3.2,0.786,"minimal,cozy"
1069,Auralux Electronic 981,Electronics,Auralux,37497.01,4.3,0.562,"bluetooth,smart,noise-cancel,USB-C"
1070,RoadRite Automotive 497,Automotive,RoadRite,14533.83,4.6,0.534,"car-care,performance,lighting,safety"
1071,Autonix Automotive 526,Automotive,Autonix,3155.59,4.1,0.632,"performance,audio"
1072,SwiftFit Sport 237,Sports,SwiftFit,12374.36,4.1,0.663,"cycling,waterproof,indoor"
1073,FurEver Pet 385,Pets,FurEver,455.99,4.0,0.987,"cat,dog"
1074,Homely Home 627,Home,Homely,17145.85,3.9,0.543,"wood,steel,minimal"
1075,GlowGrid Home 593,Home,GlowGrid,13168.98,4.1,0.99,"cozy,LED,wood,decor"
1076,Autonix Automotive 321,Automotive,Autonix,12689.1,4.0,0.444,"storage,safety"
1077,PetVibe Pet 544,Pets,PetVibe,1245.98,4.4,0.817,"cat,dog,grooming,bedding"
1078,PlayPulse Toy 492,Toys,PlayPulse,1671.38,3.2,0.533,"educational,outdoor,collectible,plush"
1079,ModeX Fashion 640,Fashion,ModeX,981.13,2.6,0.491,"summer,slim-fit"
1080,Strider Sport 777,Sports,Strider,6493.85,4.3,0.288,"training,running,cycling"
1081,Electra Electronic 287,Electronics,Electra,42719.43,4.4,0.462,"noise-cancel,fast-charge,USB-C"
1082,Pawfect Pet 552,Pets,Pawfect,8405.79,4.8,0.562,"health,treats,bedding"
1083,Saffra Fashion 779,Fashion,Saffra,2771.54,4.9,0.528,"formal,unisex"
1084,BluePine Fashion 274,Fashion,BluePine,553.5,3.3,0.727,"unisex,winter,athleisure"
1085,CasaCore Home 175,Home,CasaCore,7611.56,3.7,0.65,"steel,wood,cozy"
1086,Funfinity Toy 892,Toys,Funfinity,430.83,3.6,0.741,"educational,plush,creative"
1087,Homely Home 790,Home,Homely,25618.66,4.1,0.539,"LED,modern"
1088,GearGrid Automotive 997,Automotive,GearGrid,8645.65,3.7,0.586,"audio,accessory,lighting,safety"
1089,Inkspire Book 272,Books,Inkspire,133.75,3.8,0.71,"sci-fi,non-fiction,fiction"
1090,RoadRite Automotive 741,Automotive,RoadRite,7093.95,3.7,0.638,"performance,safety,storage,cleaning"
1091,Flexion Sport 912,Sports,Flexion,14524.64,3.5,0.541,"cycling,waterproof,outdoor"
1092,PureFarm Grocery 474,Grocery,PureFarm,247.04,3.7,0.647,"vegan,beverage,gluten-free,organic"
1093,RidePro Automotive 774,Automotive,RidePro,8792.02,3.3,0.344,"performance,storage,safety"
1094,Velora Fashion 166,Fashion,Velora,2949.35,3.2,0.703,"casual,slim-fit,athleisure,formal"
1095,PureGlow Beauty 931,Beauty,PureGlow,3307.07,4.3,0.263,"organic,matte,fragrance-free,long-wear"
1096,DailyFresh Grocery 453,Grocery,DailyFresh,397.17,3.7,0.343,"staple,spice,vegan,gluten-free"
1097,Tailspin Pet 871,Pets,Tailspin,143.55,4.2,0.476,"dog,bedding,toys"
1098,Bloomly Beauty 571,Beauty,Bloomly,2718.29,3.6,0.117,"fragrance-free,paraben-free,vitamin-c"
1099,PureGlow Beauty 630,Beauty,PureGlow,1647.07,4.0,0.562,"organic,long-wear,paraben-free,vitamin-c"
1100,UrbanLeaf Fashion 796,Fashion,UrbanLeaf,4901.36,5.0,0.634,"unisex,slim-fit,casual"
1101,PureGlow Beauty 996,Beauty,PureGlow,2832.44,3.2,0.633,"SPF,paraben-free,hydrating"
1102,Auralux Electronic 598,Electronics,Auralux,30182.21,3.5,0.717,"smart,4k"
1103,BluePine Fashion 670,Fashion,BluePine,2255.77,3.9,0.262,"slim-fit,summer,unisex,winter"
1104,Silka Beauty 375,Beauty,Silka,1015.88,3.3,0.696,"paraben-free,hydrating,long-wear"
1105,JoyBox Toy 687,Toys,JoyBox,1601.01,3.4,0.767,"puzzle,plush"
1106,RoadRite Automotive 625,Automotive,RoadRite,7223.52,4.3,0.678,"safety,audio,storage,cleaning"
1107,Tailspin Pet 706,Pets,Tailspin,8163.92,3.8,0.513,"training,grooming,cat"
1108,JoyBox Toy 940,Toys,JoyBox,3315.67,3.9,0.663,"STEM,creative,outdoor"
1109,KiddiCo Toy 192,Toys,KiddiCo,348.23,2.9,0.407,"creative,collectible,plush,puzzle"
1110,PureGlow Beauty 907,Beauty,PureGlow,534.24,4.1,0.81,"long-wear,matte,fragrance-free,hydrating"
1111,Saffra Fashion 474,Fashion,Saffra,308.47,4.5,0.393,"casual,unisex"
1112,PureFarm Grocery 595,Grocery,PureFarm,269.28,3.3,0.737,"low-sugar,beverage,spice,organic"
1113,StoryArc Book 317,Books,StoryArc,770.81,3.6,0.892,"biography,fantasy,history,non-fiction"
1114,NovaTech Electronic 386,Electronics,NovaTech,57357.31,4.1,0.71,"USB-C,wireless"
1115,ZenWare Electronic 108,Electronics,ZenWare,16283.28,4.5,0.276,"wireless,smart,4k,bluetooth"
1116,DailyFresh Grocery 579,Grocery,DailyFresh,431.25,4.1,0.786,"organic,gluten-free,spice"
1117,Lumine Beauty 869,Beauty,Lumine,1090.63,4.0,0.397,"SPF,organic,long-wear,paraben-free"
1118,Bloomly Beauty 366,Beauty,Bloomly,1340.76,4.4,0.689,"SPF,fragrance-free"
1119,JoyBox Toy 385,Toys,JoyBox,527.83,4.3,0.243,"STEM,puzzle,board-game"
1120,Inkspire Book 211,Books,Inkspire,1090.33,5.0,0.872,"non-fiction,fantasy,fiction,kids"
1121,Flexion Sport 723,Sports,Flexion,3788.7,4.1,0.339,"waterproof,outdoor"
1122,PureGlow Beauty 614,Beauty,PureGlow,3972.03,4.5,0.602,"matte,vitamin-c,paraben-free,organic"
1123,Funfinity Toy 345,Toys,Funfinity,394.02,3.5,0.702,"creative,outdoor,collectible"
1124,UrbanLeaf Fashion 854,Fashion,UrbanLeaf,3694.57,4.6,0.805,"unisex,athleisure"
1125,Autonix Automotive 597,Automotive,Autonix,10023.93,4.3,0.857,"accessory,lighting,audio,cleaning"
1126,Velora Fashion 422,Fashion,Velora,3232.12,4.0,0.484,"unisex,summer,cotton"
1127,Furnio Home 899,Home,Furnio,12091.21,4.2,0.655,"minimal,cozy,decor"
1128,KiddiCo Toy 408,Toys,KiddiCo,4315.07,4.3,0.368,"educational,creative,outdoor"
1129,Naturra Beauty 440,Beauty,Naturra,2115.38,4.7,0.065,"fragrance-free,vitamin-c,long-wear"
1130,Electra Electronic 552,Electronics,Electra,72461.9,3.7,0.421,"bluetooth,wireless"
1131,Quillhouse Book 768,Books,Quillhouse,131.4,5.0,0.607,"biography,fantasy,kids,history"
1132,Pageturn Book 109,Books,Pageturn,951.24,4.5,0.459,"sci-fi,fantasy,biography"
1133,Toyverse Toy 276,Toys,Toyverse,1978.45,4.2,0.603,"puzzle,plush"
1134,Leaf&Line Book 278,Books,Leaf&Line,574.27,4.4,0.404,"fantasy,biography"
1135,JoyBox Toy 892,Toys,JoyBox,1497.85,4.5,0.332,"outdoor,collectible,STEM"
1136,Silka Beauty 320,Beauty,Silka,275.18,3.6,0.745,"SPF,fragrance-free,vitamin-c"
1137,PureGlow Beauty 326,Beauty,PureGlow,1248.62,4.0,0.594,"vitamin-c,long-wear,organic,fragrance-free"
1138,Tailspin Pet 299,Pets,Tailspin,810.04,4.2,0.849,"treats,dog,training"
1139,Auralux Electronic 654,Electronics,Auralux,44075.61,3.9,0.608,"wireless,USB-C,fast-charge"
1140,NovaTech Electronic 850,Electronics,NovaTech,59207.66,4.3,0.293,"noise-cancel,wireless,USB-C"
1141,Whiskerly Pet 285,Pets,Whiskerly,9420.23,5.0,0.555,"cat,dog,treats,health"
1142,GearGrid Automotive 890,Automotive,GearGrid,10455.48,4.4,0.476,"car-care,storage,lighting,performance"
1143,Nestica Home 577,Home,Nestica,7751.83,3.2,0.536,"storage,modern"
1144,Autonix Automotive 505,Automotive,Autonix,19477.5,4.0,0.976,"storage,audio,safety"
1145,Nestica Home 218,Home,Nestica,4118.65,4.3,0.833,"modern,LED,wood,minimal"
1146,Pawfect Pet 241,Pets,Pawfect,2605.53,4.6,0.773,"grooming,training,cat,dog"
1147,Naturra Beauty 460,Beauty,Naturra,2173.36,4.3,0.05,"paraben-free,long-wear"
1148,BluePine Fashion 713,Fashion,BluePine,2970.93,4.3,0.696,"unisex,slim-fit,casual"
1149,Bloomly Beauty 814,Beauty,Bloomly,2527.56,4.1,0.682,"long-wear,vitamin-c,hydrating,paraben-free"
1150,Pawfect Pet 889,Pets,Pawfect,121.86,3.4,0.549,"treats,toys"
1151,Pawfect Pet 215,Pets,Pawfect,1607.03,4.0,0.645,"bedding,training"
1152,Leaf&Line Book 691,Books,Leaf&Line,1115.65,4.7,0.518,"fiction,fantasy,sci-fi"
1153,Tailspin Pet 408,Pets,Tailspin,1853.63,4.5,0.675,"toys,training,dog"
1154,NutriGo Grocery 775,Grocery,NutriGo,386.33,4.4,0.539,"gluten-free,organic,spice"
1155,Silka Beauty 429,Beauty,Silka,2979.19,4.0,0.671,"paraben-free,vitamin-c"
1156,Silka Beauty 462,Beauty,Silka,3636.64,4.5,0.588,"SPF,vitamin-c,matte"
1157,Inkspire Book 213,Books,Inkspire,227.41,4.4,0.525,"kids,fantasy,fiction,non-fiction"
1158,Flexion Sport 920,Sports,Flexion,15650.77,3.3,0.391,"cycling,strength,outdoor,training"
1159,DailyFresh Grocery 354,Grocery,DailyFresh,352.63,4.3,0.682,"organic,snack,low-sugar,staple"
1160,ZenWare Electronic 745,Electronics,ZenWare,21525.89,4.1,0.809,"USB-C,noise-cancel,smart,4k"
1161,Tailspin Pet 459,Pets,Tailspin,8762.57,4.6,0.488,"training,health"
1162,UrbanLeaf Fashion 498,Fashion,UrbanLeaf,2135.63,4.6,0.74,"cotton,summer,athleisure"
1163,RoadRite Automotive 920,Automotive,RoadRite,23111.09,3.6,0.688,"lighting,cleaning"
1164,TorqueX Automotive 729,Automotive,TorqueX,19111.23,5.0,0.325,"performance,lighting"
1165,Homely Home 360,Home,Homely,8030.13,4.3,0.569,"minimal,cozy"
1166,Velora Fashion 135,Fashion,Velora,5204.25,3.8,0.588,"winter,cotton,formal"
1167,NutriGo Grocery 224,Grocery,NutriGo,397.45,3.5,0.554,"organic,beverage,gluten-free"
1168,Furnio Home 360,Home,Furnio,12913.89,5.0,0.483,"modern,steel,minimal,storage"
1169,TorqueX Automotive 343,Automotive,TorqueX,22143.26,3.9,0.32,"performance,accessory,cleaning,safety"
1170,Tailspin Pet 101,Pets,Tailspin,5056.58,4.5,0.636,"training,bedding,grooming,dog"
1171,PixelPeak Electronic 754,Electronics,PixelPeak,78168.13,4.7,0.826,"bluetooth,smart"
1172,Athletiq Sport 712,Sports,Athletiq,13575.38,3.6,0.74,"yoga,strength,running,cycling"
1173,Homely Home 773,Home,Homely,24120.13,3.5,0.552,"minimal,LED"
1174,UrbanLeaf Fashion 352,Fashion,UrbanLeaf,846.74,3.9,0.67,"casual,slim-fit"
1175,RoadRite Automotive 100,Automotive,RoadRite,11019.65,4.0,0.563,"storage,safety,lighting"
1176,PeakPro Sport 597,Sports,PeakPro,3277.53,3.1,0.421,"cycling,outdoor,training"
1177,FurEver Pet 454,Pets,FurEver,7403.2,4.1,0.607,"toys,grooming"
1178,GreenBarn Grocery 662,Grocery,GreenBarn,258.11,2.9,0.2,"snack,staple"
1179,SwiftFit Sport 206,Sports,SwiftFit,2084.25,3.9,0.804,"outdoor,cycling"
1180,Toyverse Toy 261,Toys,Toyverse,4952.38,4.2,0.488,"educational,plush,puzzle"
1181,NovaTech Electronic 977,Electronics,NovaTech,70019.43,3.4,0.363,"smart,fast-charge,4k"
1182,Pageturn Book 433,Books,Pageturn,891.99,3.7,0.99,"fantasy,self-help,fiction,kids"
1183,NovaTech Electronic 537,Electronics,NovaTech,21924.5,3.6,0.583,"noise-cancel,smart"
1184,GreenBarn Grocery 246,Grocery,GreenBarn,222.42,4.3,0.683,"low-sugar,snack"
1185,Strider Sport 708,Sports,Strider,1694.15,4.1,0.325,"strength,cycling,waterproof"
1186,Funfinity Toy 855,Toys,Funfinity,4466.78,4.9,0.802,"creative,plush,puzzle,STEM"
1187,Leaf&Line Book 275,Books,Leaf&Line,1050.34,4.8,0.388,"fantasy,non-fiction,fiction"
1188,NovaTech Electronic 409,Electronics,NovaTech,12073.32,3.8,0.465,"portable,bluetooth,wireless"
1189,Velora Fashion 338,Fashion,Velora,3778.76,3.9,0.563,"winter,summer"
1190,Autonix Automotive 466,Automotive,Autonix,2862.59,3.2,0.15,"accessory,storage"
1191,GoodGrain Grocery 778,Grocery,GoodGrain,417.91,4.3,0.757,"gluten-free,low-sugar,vegan"
1192,RoadRite Automotive 931,Automotive,RoadRite,23725.41,4.4,0.713,"cleaning,lighting"
1193,Inkspire Book 548,Books,Inkspire,790.14,3.0,0.617,"biography,fantasy,sci-fi,non-fiction"
1194,Auralux Electronic 127,Electronics,Auralux,16666.85,4.9,0.855,"noise-cancel,4k,smart"
1195,DailyFresh Grocery 487,Grocery,DailyFresh,333.92,3.9,0.238,"gluten-free,spice,organic,snack"
1196,GreenBarn Grocery 432,Grocery,GreenBarn,256.82,4.3,0.455,"organic,staple"
1197,PureGlow Beauty 440,Beauty,PureGlow,468.1,3.9,0.8,"hydrating,paraben-free,fragrance-free,long-wear"
1198,GoodGrain Grocery 263,Grocery,GoodGrain,164.84,3.7,0.732,"spice,snack,vegan"
1199,Leaf&Line Book 950,Books,Leaf&Line,648.48,4.3,0.475,"fiction,fantasy,kids,biography"
1200,CasaCore Home 315,Home,CasaCore,1184.36,4.7,0.166,"decor,steel,minimal"
1201,CasaCore Home 807,Home,CasaCore,10188.2,4.1,0.99,"cozy,minimal,modern,wood"
1202,Quillhouse Book 168,Books,Quillhouse,794.23,4.2,0.769,"fantasy,biography,history,non-fiction"
1203,Homely Home 889,Home,Homely,11483.13,2.8,0.723,"wood,LED,minimal"
1204,Inkspire Book 214,Books,Inkspire,949.1,4.7,0.05,"biography,fiction,kids"
1205,Strider Sport 853,Sports,Strider,5973.18,4.4,0.967,"outdoor,waterproof"
1206,Saffra Fashion 663,Fashion,Saffra,2941.95,4.7,0.448,"winter,cotton,athleisure,casual"
1207,ZenWare Electronic 515,Electronics,ZenWare,42496.7,3.3,0.575,"4k,smart,bluetooth"
1208,Lumine Beauty 472,Beauty,Lumine,3793.55,4.2,0.682,"hydrating,organic,vitamin-c,paraben-free"
1209,Toyverse Toy 670,Toys,Toyverse,2229.78,4.3,0.688,"collectible,plush"
1210,Strider Sport 590,Sports,Strider,19189.67,4.3,0.454,"waterproof,yoga"
1211,PureGlow Beauty 140,Beauty,PureGlow,3748.91,3.5,0.671,"fragrance-free,paraben-free"
1212,Naturra Beauty 736,Beauty,Naturra,2185.1,3.8,0.518,"SPF,fragrance-free,vitamin-c"
1213,NutriGo Grocery 970,Grocery,NutriGo,188.79,3.9,0.675,"gluten-free,staple"
1214,ModeX Fashion 214,Fashion,ModeX,5242.63,4.6,0.297,"unisex,winter,slim-fit,cotton"
1215,GoodGrain Grocery 815,Grocery,GoodGrain,294.55,4.2,0.658,"staple,low-sugar"
1216,Leaf&Line Book 351,Books,Leaf&Line,775.11,3.9,0.567,"fiction,self-help,non-fiction"
1217,DailyFresh Grocery 169,Grocery,DailyFresh,399.94,3.6,0.466,"vegan,organic,staple,low-sugar"
1218,ModeX Fashion 697,Fashion,ModeX,5860.7,4.4,0.564,"winter,formal,athleisure,casual"
1219,GlowGrid Home 238,Home,GlowGrid,2273.52,3.8,0.739,"cozy,LED,minimal"
1220,Athletiq Sport 686,Sports,Athletiq,4355.6,3.9,0.99,"cycling,outdoor,training,yoga"
1221,BluePine Fashion 303,Fashion,BluePine,2794.7,4.6,0.606,"winter,casual"
1222,Pageturn Book 256,Books,Pageturn,354.93,4.8,0.636,"fiction,self-help,history,non-fiction"
1223,PureFarm Grocery 251,Grocery,PureFarm,470.5,3.6,0.426,"snack,low-sugar,organic"
1224,Tailspin Pet 560,Pets,Tailspin,4422.01,2.6,0.351,"health,treats,bedding"
1225,Saffra Fashion 633,Fashion,Saffra,1598.42,4.0,0.658,"winter,slim-fit,casual"
1226,FurEver Pet 746,Pets,FurEver,4807.06,3.9,0.702,"health,grooming,bedding"
1227,Athletiq Sport 673,Sports,Athletiq,17181.09,4.1,0.957,"yoga,cycling,waterproof"
1228,Quillhouse Book 432,Books,Quillhouse,618.28,4.3,0.798,"fiction,fantasy,history"
1229,GearGrid Automotive 293,Automotive,GearGrid,18680.06,4.2,0.825,"lighting,car-care,safety"
1230,Silka Beauty 821,Beauty,Silka,1162.09,5.0,0.309,"fragrance-free,hydrating"
1231,Quillhouse Book 361,Books,Quillhouse,840.15,4.2,0.666,"biography,sci-fi"
1232,GoodGrain Grocery 449,Grocery,GoodGrain,209.96,3.4,0.666,"organic,gluten-free"
1233,DailyFresh Grocery 214,Grocery,DailyFresh,296.61,3.6,0.529,"organic,staple,gluten-free"
1234,SwiftFit Sport 348,Sports,SwiftFit,16374.43,3.5,0.487,"waterproof,training"
1235,Flexion Sport 258,Sports,Flexion,9561.7,4.3,0.179,"training,yoga,waterproof,indoor"
1236,PureFarm Grocery 909,Grocery,PureFarm,246.47,4.5,0.201,"staple,low-sugar"
1237,SwiftFit Sport 936,Sports,SwiftFit,10158.46,3.9,0.213,"cycling,running,yoga"
1238,CasaCore Home 783,Home,CasaCore,27293.8,3.9,0.816,"LED,modern"
1239,StoryArc Book 529,Books,StoryArc,791.04,4.4,0.662,"fantasy,kids,history,self-help"
1240,GlowGrid Home 700,Home,GlowGrid,23871.95,3.3,0.414,"wood,minimal,cozy,modern"
1241,PetVibe Pet 341,Pets,PetVibe,6101.36,4.0,0.244,"toys,training,cat,treats"
1242,Leaf&Line Book 153,Books,Leaf&Line,180.12,3.8,0.527,"sci-fi,non-fiction,fiction,biography"
1243,Auralux Electronic 829,Electronics,Auralux,22279.87,3.9,0.628,"portable,USB-C"
1244,Strider Sport 604,Sports,Strider,5010.03,3.8,0.367,"outdoor,yoga"
1245,Leaf&Line Book 488,Books,Leaf&Line,453.25,4.0,0.668,"history,self-help,biography"
1246,PetVibe Pet 893,Pets,PetVibe,141.63,4.6,0.157,"cat,health"
1247,KiddiCo Toy 566,Toys,KiddiCo,4077.21,3.7,0.576,"puzzle,plush,board-game"
1248,JoyBox Toy 766,Toys,JoyBox,1097.15,3.9,0.323,"collectible,outdoor,educational,plush"
1249,RidePro Automotive 470,Automotive,RidePro,10202.19,4.2,0.916,"lighting,cleaning,car-care,safety"
1250,Nestica Home 313,Home,Nestica,6335.65,3.9,0.872,"storage,minimal"
1251,SwiftFit Sport 915,Sports,SwiftFit,16132.32,4.2,0.55,"training,indoor"
1252,PetVibe Pet 462,Pets,PetVibe,9442.6,4.4,0.99,"cat,treats,dog,toys"
1253,Velora Fashion 674,Fashion,Velora,4761.56,4.7,0.638,"formal,summer,winter"
1254,Strider Sport 188,Sports,Strider,1389.51,4.6,0.356,"cycling,running,yoga"
1255,Lumine Beauty 801,Beauty,Lumine,3759.19,3.2,0.795,"long-wear,hydrating"
1256,NovaTech Electronic 480,Electronics,NovaTech,59964.52,4.4,0.117,"bluetooth,fast-charge"
1257,Naturra Beauty 552,Beauty,Naturra,2069.58,4.7,0.564,"fragrance-free,paraben-free,long-wear,SPF"
1258,Pawfect Pet 402,Pets,Pawfect,6810.92,4.0,0.287,"bedding,treats,dog,health"
1259,KiddiCo Toy 984,Toys,KiddiCo,1856.45,4.0,0.96,"puzzle,creative"
1260,FurEver Pet 564,Pets,FurEver,4181.51,4.1,0.656,"toys,health,grooming,treats"
1261,StoryArc Book 370,Books,StoryArc,1177.27,3.3,0.798,"sci-fi,kids"
1262,Inkspire Book 387,Books,Inkspire,133.23,3.3,0.395,"biography,kids,fantasy"
1263,Nestica Home 413,Home,Nestica,26005.97,4.2,0.572,"cozy,modern,storage"
1264,Saffra Fashion 367,Fashion,Saffra,1767.39,3.4,0.494,"athleisure,slim-fit"
1265,Lumine Beauty 800,Beauty,Lumine,1057.23,3.2,0.641,"fragrance-free,SPF,paraben-free"
1266,RidePro Automotive 210,Automotive,RidePro,18650.07,4.2,0.981,"performance,audio,car-care"
1267,PixelPeak Electronic 898,Electronics,PixelPeak,65222.56,3.0,0.728,"wireless,smart"
1268,PureGlow Beauty 844,Beauty,PureGlow,3620.28,3.8,0.494,"hydrating,matte"
1269,JoyBox Toy 180,Toys,JoyBox,731.54,3.8,0.985,"outdoor,STEM"
1270,Funfinity Toy 133,Toys,Funfinity,4161.18,3.8,0.615,"outdoor,plush,creative"
1271,GearGrid Automotive 569,Automotive,GearGrid,17875.19,3.8,0.783,"car-care,safety"
1272,PureFarm Grocery 778,Grocery,PureFarm,407.46,4.2,0.522,"beverage,staple"
1273,Tailspin Pet 396,Pets,Tailspin,6890.89,3.7,0.485,"training,treats,cat,toys"
1274,Leaf&Line Book 323,Books,Leaf&Line,1372.72,3.8,0.487,"sci-fi,self-help"
1275,JoyBox Toy 659,Toys,JoyBox,3109.13,3.6,0.614,"board-game,outdoor"
1276,KiddiCo Toy 146,Toys,KiddiCo,3459.55,3.6,0.39,"STEM,outdoor,plush"
1277,Strider Sport 496,Sports,Strider,14959.96,3.9,0.614,"training,yoga,outdoor,strength"
1278,SwiftFit Sport 997,Sports,SwiftFit,10038.53,4.2,0.376,"outdoor,running,cycling,training"
1279,JoyBox Toy 928,Toys,JoyBox,2542.51,4.7,0.822,"puzzle,plush,board-game"
1280,Flexion Sport 429,Sports,Flexion,2264.68,4.1,0.655,"outdoor,strength,running,training"
1281,ModeX Fashion 238,Fashion,ModeX,5663.13,3.9,0.592,"cotton,slim-fit"
1282,Silka Beauty 324,Beauty,Silka,1706.81,4.1,0.216,"long-wear,vitamin-c,hydrating,SPF"
1283,NutriGo Grocery 997,Grocery,NutriGo,149.78,4.2,0.599,"snack,low-sugar,gluten-free,staple"
1284,Autonix Automotive 461,Automotive,Autonix,13262.98,4.0,0.178,"lighting,accessory,performance,audio"
1285,CasaCore Home 372,Home,CasaCore,13417.35,4.9,0.425,"decor,cozy,LED,steel"
1286,Naturra Beauty 617,Beauty,Naturra,2233.4,4.4,0.618,"matte,long-wear,paraben-free"
1287,CasaCore Home 399,Home,CasaCore,10187.04,4.1,0.776,"storage,steel,cozy"
1288,Saffra Fashion 977,Fashion,Saffra,4627.24,3.5,0.523,"formal,casual"
1289,Pageturn Book 689,Books,Pageturn,484.04,4.4,0.695,"sci-fi,fiction,self-help,kids"
1290,RidePro Automotive 444,Automotive,RidePro,15241.85,4.4,0.383,"safety,storage"
1291,Quillhouse Book 902,Books,Quillhouse,114.42,4.0,0.736,"sci-fi,fantasy,non-fiction"
1292,Naturra Beauty 962,Beauty,Naturra,2672.95,3.8,0.361,"vitamin-c,SPF,matte,fragrance-free"
1293,Leaf&Line Book 423,Books,Leaf&Line,413.18,4.5,0.884,"self-help,fiction,sci-fi"
1294,PixelPeak Electronic 569,Electronics,PixelPeak,52054.74,3.6,0.64,"bluetooth,wireless,portable,USB-C"
1295,StoryArc Book 642,Books,StoryArc,442.79,4.0,0.484,"non-fiction,fantasy,self-help"
1296,Auralux Electronic 647,Electronics,Auralux,66216.62,3.8,0.814,"smart,wireless,USB-C,fast-charge"
1297,Flexion Sport 110,Sports,Flexion,15354.18,3.9,0.687,"strength,indoor"
1298,Leaf&Line Book 943,Books,Leaf&Line,208.42,2.6,0.838,"self-help,history,biography"
1299,GearGrid Automotive 238,Automotive,GearGrid,18545.3,3.6,0.805,"performance,lighting"
1300,Naturra Beauty 217,Beauty,Naturra,2087.34,3.5,0.483,"long-wear,hydrating,organic,matte"
1301,Silka Beauty 517,Beauty,Silka,3775.02,4.7,0.33,"SPF,vitamin-c,matte,hydrating"
1302,StoryArc Book 185,Books,StoryArc,965.12,3.5,0.619,"biography,non-fiction,fantasy,history"
1303,ZenWare Electronic 706,Electronics,ZenWare,28169.27,3.7,0.99,"bluetooth,portable,4k,wireless"
1304,PureFarm Grocery 820,Grocery,PureFarm,283.03,3.6,0.782,"gluten-free,vegan,staple,low-sugar"
1305,Furnio Home 539,Home,Furnio,4591.51,4.0,0.453,"LED,modern"
1306,GlowGrid Home 587,Home,GlowGrid,4536.71,3.9,0.759,"steel,storage,minimal"
1307,Autonix Automotive 652,Automotive,Autonix,9467.21,4.5,0.221,"accessory,car-care,safety"
1308,Leaf&Line Book 861,Books,Leaf&Line,650.7,3.8,0.606,"kids,sci-fi,non-fiction"
1309,Pawfect Pet 563,Pets,Pawfect,3512.83,3.7,0.328,"bedding,training"
1310,Saffra Fashion 912,Fashion,Saffra,425.93,4.6,0.618,"winter,summer"
1311,Furnio Home 668,Home,Furnio,27902.21,5.0,0.51,"LED,wood,storage"
1312,Nestica Home 169,Home,Nestica,10353.06,4.7,0.581,"cozy,LED,modern"
1313,Flexion Sport 531,Sports,Flexion,19568.7,4.4,0.598,"cycling,strength,running,indoor"
1314,GreenBarn Grocery 987,Grocery,GreenBarn,239.64,4.3,0.603,"gluten-free,snack,spice,staple"
1315,Toyverse Toy 502,Toys,Toyverse,1504.51,2.8,0.641,"collectible,outdoor"
1316,PureFarm Grocery 462,Grocery,PureFarm,132.92,4.4,0.521,"gluten-free,low-sugar,beverage"
1317,Flexion Sport 263,Sports,Flexion,13625.33,4.2,0.785,"cycling,training,strength"
1318,Athletiq Sport 338,Sports,Athletiq,7480.46,3.6,0.732,"waterproof,outdoor"
1319,PlayPulse Toy 408,Toys,PlayPulse,338.05,3.5,0.832,"educational,board-game,plush,puzzle"
1320,Autonix Automotive 473,Automotive,Autonix,23434.3,3.2,0.479,"lighting,audio,safety,storage"
1321,GreenBarn Grocery 566,Grocery,GreenBarn,288.96,4.0,0.793,"spice,vegan,staple"
1322,UrbanLeaf Fashion 401,Fashion,UrbanLeaf,524.49,3.4,0.204,"casual,winter"
1323,Electra Electronic 351,Electronics,Electra,16645.93,4.1,0.611,"fast-charge,USB-C,smart,bluetooth"
1324,PureGlow Beauty 415,Beauty,PureGlow,887.25,4.2,0.804,"SPF,paraben-free,organic,vitamin-c"
1325,FurEver Pet 795,Pets,FurEver,7670.09,4.4,0.626,"toys,dog"
1326,Lumine Beauty 543,Beauty,Lumine,3243.96,4.5,0.439,"fragrance-free,long-wear"
1327,PlayPulse Toy 792,Toys,PlayPulse,601.36,3.7,0.754,"collectible,creative,board-game,educational"
1328,FurEver Pet 865,Pets,FurEver,1068.04,4.2,0.678,"toys,grooming"
1329,Toyverse Toy 338,Toys,Toyverse,2053.76,4.0,0.613,"puzzle,creative"
1330,GreenBarn Grocery 146,Grocery,GreenBarn,240.69,4.4,0.609,"spice,organic,gluten-free"
1331,Tailspin Pet 236,Pets,Tailspin,3583.11,3.8,0.684,"grooming,training,treats"
1332,Velora Fashion 249,Fashion,Velora,4771.92,4.3,0.44,"summer,athleisure"
1333,Athletiq Sport 252,Sports,Athletiq,16436.26,4.7,0.581,"waterproof,strength"
1334,Pawfect Pet 402,Pets,Pawfect,5681.24,3.7,0.461,"dog,bedding,cat"
1335,SwiftFit Sport 560,Sports,SwiftFit,5466.72,4.5,0.431,"indoor,waterproof,cycling"
1336,StoryArc Book 541,Books,StoryArc,551.57,3.7,0.735,"history,non-fiction,self-help"
1337,PureGlow Beauty 998,Beauty,PureGlow,1874.87,4.8,0.727,"fragrance-free,organic,paraben-free,vitamin-c"
1338,FurEver Pet 713,Pets,FurEver,9479.18,3.8,0.43,"health,treats,grooming"
1339,ModeX Fashion 907,Fashion,ModeX,1742.85,4.3,0.702,"summer,winter,casual"
1340,Pawfect Pet 898,Pets,Pawfect,6588.05,3.2,0.4,"toys,bedding,treats,cat"
1341,Pawfect Pet 431,Pets,Pawfect,5417.01,4.5,0.414,"health,treats,toys"
1342,GoodGrain Grocery 396,Grocery,GoodGrain,137.63,4.0,0.603,"gluten-free,beverage,organic"
1343,Pageturn Book 793,Books,Pageturn,629.42,4.4,0.816,"fantasy,fiction"
1344,BluePine Fashion 990,Fashion,BluePine,4822.93,4.4,0.513,"winter,summer,slim-fit,cotton"
1345,DailyFresh Grocery 605,Grocery,DailyFresh,105.95,4.1,0.58,"beverage,staple"
1346,StoryArc Book 631,Books,StoryArc,979.53,3.7,0.617,"kids,fiction,history,self-help"
1347,Saffra Fashion 294,Fashion,Saffra,5202.97,4.2,0.697,"unisex,formal"
1348,PureFarm Grocery 544,Grocery,PureFarm,365.7,3.6,0.391,"gluten-free,vegan,low-sugar,snack"
1349,Furnio Home 973,Home,Furnio,21361.26,3.4,0.789,"modern,LED,minimal"
1350,GlowGrid Home 988,Home,GlowGrid,1676.99,4.1,0.833,"steel,storage,LED,minimal"
1351,SwiftFit Sport 492,Sports,SwiftFit,6762.02,4.3,0.649,"running,cycling"
1352,RidePro Automotive 102,Automotive,RidePro,24875.23,3.7,0.628,"audio,lighting"
1353,KiddiCo Toy 358,Toys,KiddiCo,995.51,4.0,0.231,"creative,educational,STEM"
1354,PetVibe Pet 457,Pets,PetVibe,4091.41,4.6,0.625,"dog,health,bedding,cat"
1355,GreenBarn Grocery 547,Grocery,GreenBarn,310.2,4.1,0.821,"beverage,vegan"
1356,ModeX Fashion 599,Fashion,ModeX,4230.64,4.4,0.99,"cotton,casual,slim-fit"
1357,JoyBox Toy 162,Toys,JoyBox,3679.22,3.9,0.833,"STEM,outdoor"
1358,Funfinity Toy 898,Toys,Funfinity,4201.32,3.8,0.539,"collectible,creative"
1359,Whiskerly Pet 310,Pets,Whiskerly,5526.91,4.3,0.501,"toys,treats,dog,health"
1360,DailyFresh Grocery 188,Grocery,DailyFresh,422.82,4.2,0.874,"staple,low-sugar,vegan,beverage"
1361,Toyverse Toy 476,Toys,Toyverse,1926.92,4.0,0.684,"board-game,puzzle,plush"
1362,Furnio Home 290,Home,Furnio,11204.4,4.4,0.156,"steel,modern,decor"
1363,Silka Beauty 862,Beauty,Silka,1025.39,4.2,0.593,"organic,matte"
1364,PeakPro Sport 195,Sports,PeakPro,19747.85,4.5,0.81,"running,cycling"
1365,SwiftFit Sport 779,Sports,SwiftFit,7439.41,4.0,0.762,"waterproof,strength"
1366,SwiftFit Sport 650,Sports,SwiftFit,4113.03,4.9,0.75,"cycling,indoor,waterproof"
1367,PixelPeak Electronic 902,Electronics,PixelPeak,64753.16,3.0,0.63,"bluetooth,smart,noise-cancel,portable"
1368,PureGlow Beauty 925,Beauty,PureGlow,3899.9,3.9,0.696,"SPF,organic,matte"
1369,Naturra Beauty 574,Beauty,Naturra,361.76,4.5,0.38,"hydrating,long-wear"
1370,Funfinity Toy 195,Toys,Funfinity,619.13,3.9,0.112,"STEM,educational"
1371,Naturra Beauty 667,Beauty,Naturra,3052.66,4.0,0.758,"fragrance-free,paraben-free,matte,long-wear"
1372,KiddiCo Toy 703,Toys,KiddiCo,2998.48,4.4,0.825,"collectible,educational,outdoor,puzzle"
1373,NovaTech Electronic 584,Electronics,NovaTech,39287.97,3.5,0.512,"smart,noise-cancel,portable"
1374,Strider Sport 356,Sports,Strider,13282.75,4.6,0.656,"running,strength,cycling,yoga"
1375,Inkspire Book 190,Books,Inkspire,481.42,3.9,0.126,"sci-fi,fiction,self-help"
1376,SwiftFit Sport 441,Sports,SwiftFit,4745.06,3.4,0.822,"cycling,training,running"
1377,PureFarm Grocery 501,Grocery,PureFarm,437.85,3.2,0.544,"spice,organic"
1378,GearGrid Automotive 925,Automotive,GearGrid,3745.58,4.7,0.99,"safety,storage,accessory,cleaning"
1379,PureFarm Grocery 404,Grocery,PureFarm,416.08,4.2,0.551,"snack,low-sugar,spice,vegan"
1380,TorqueX Automotive 937,Automotive,TorqueX,10172.02,4.6,0.574,"performance,lighting,safety,storage"
1381,PureFarm Grocery 836,Grocery,PureFarm,273.37,3.9,0.508,"spice,snack,beverage,organic"
1382,PeakPro Sport 801,Sports,PeakPro,18829.89,3.7,0.518,"cycling,waterproof,yoga"
1383,Strider Sport 207,Sports,Strider,2295.36,3.5,0.337,"outdoor,strength,indoor"
1384,Velora Fashion 826,Fashion,Velora,1525.25,3.9,0.865,"summer,athleisure,cotton"
1385,DailyFresh Grocery 235,Grocery,DailyFresh,460.05,4.4,0.418,"snack,spice"
1386,RoadRite Automotive 131,Automotive,RoadRite,16051.47,4.5,0.544,"accessory,storage,safety,performance"
1387,Lumine Beauty 111,Beauty,Lumine,2086.97,4.2,0.77,"hydrating,paraben-free,matte"
1388,Toyverse Toy 653,Toys,Toyverse,1969.1,4.5,0.46,"creative,plush"
1389,Tailspin Pet 588,Pets,Tailspin,5041.87,4.0,0.161,"cat,grooming"
1390,PetVibe Pet 884,Pets,PetVibe,346.9,4.2,0.802,"bedding,grooming"
1391,Velora Fashion 709,Fashion,Velora,4555.37,4.3,0.781,"slim-fit,cotton"
1392,Strider Sport 439,Sports,Strider,2358.06,4.2,0.761,"running,waterproof"
1393,GreenBarn Grocery 775,Grocery,GreenBarn,421.05,4.4,0.258,"snack,staple"
1394,Athletiq Sport 358,Sports,Athletiq,2795.87,4.4,0.557,"cycling,waterproof,indoor,outdoor"
1395,RoadRite Automotive 500,Automotive,RoadRite,8491.11,3.8,0.83,"audio,storage"
1396,Athletiq Sport 759,Sports,Athletiq,17904.35,4.0,0.809,"training,outdoor,strength,yoga"
1397,PixelPeak Electronic 954,Electronics,PixelPeak,33779.45,3.9,0.757,"USB-C,wireless,smart,4k"
1398,Strider Sport 372,Sports,Strider,4957.02,4.3,0.264,"waterproof,running,yoga,cycling"
1399,PlayPulse Toy 343,Toys,PlayPulse,2546.16,4.5,0.887,"board-game,outdoor,creative"
1400,PixelPeak Electronic 909,Electronics,PixelPeak,76828.31,4.9,0.827,"noise-cancel,wireless,smart"
1401,Flexion Sport 407,Sports,Flexion,6054.64,5.0,0.728,"training,waterproof,cycling"
1402,KiddiCo Toy 653,Toys,KiddiCo,2675.73,3.7,0.407,"creative,puzzle"
1403,GreenBarn Grocery 278,Grocery,GreenBarn,371.48,4.1,0.668,"organic,staple"
1404,Auralux Electronic 104,Electronics,Auralux,70706.95,4.8,0.662,"noise-cancel,bluetooth,wireless"
1405,PlayPulse Toy 477,Toys,PlayPulse,4096.49,3.3,0.435,"collectible,board-game,puzzle,plush"
1406,Saffra Fashion 920,Fashion,Saffra,1585.92,4.8,0.582,"slim-fit,unisex,formal"
1407,PlayPulse Toy 824,Toys,PlayPulse,4490.55,4.5,0.334,"board-game,plush,creative"
1408,Pawfect Pet 303,Pets,Pawfect,4045.58,3.2,0.464,"dog,toys,training"
1409,CasaCore Home 770,Home,CasaCore,10503.8,3.8,0.907,"minimal,modern"
1410,PetVibe Pet 767,Pets,PetVibe,2923.59,4.8,0.893,"cat,grooming,toys,dog"
1411,Velora Fashion 442,Fashion,Velora,5290.71,4.7,0.841,"casual,summer,slim-fit"
1412,BluePine Fashion 756,Fashion,BluePine,4224.89,4.4,0.582,"athleisure,cotton,slim-fit,casual"
1413,Leaf&Line Book 306,Books,Leaf&Line,337.55,4.2,0.99,"self-help,non-fiction"
1414,Tailspin Pet 399,Pets,Tailspin,1480.04,4.7,0.435,"training,health,toys"
1415,Bloomly Beauty 600,Beauty,Bloomly,2096.93,4.3,0.398,"matte,paraben-free,fragrance-free,hydrating"
1416,StoryArc Book 908,Books,StoryArc,290.33,3.9,0.546,"self-help,sci-fi"
1417,Toyverse Toy 598,Toys,Toyverse,1769.36,3.9,0.697,"plush,educational,STEM,collectible"
1418,Whiskerly Pet 291,Pets,Whiskerly,1020.78,4.3,0.847,"toys,treats,training,grooming"
1419,SwiftFit Sport 267,Sports,SwiftFit,10140.71,4.0,0.857,"cycling,running"
1420,Pawfect Pet 914,Pets,Pawfect,898.78,4.1,0.527,"bedding,treats,grooming,toys"
1421,Pawfect Pet 686,Pets,Pawfect,9198.19,4.5,0.378,"dog,grooming"
1422,Lumine Beauty 833,Beauty,Lumine,1835.54,4.0,0.68,"organic,long-wear,matte,hydrating"
1423,Athletiq Sport 143,Sports,Athletiq,15179.17,3.5,0.572,"training,yoga,outdoor"
1424,CasaCore Home 298,Home,CasaCore,3860.64,3.6,0.635,"storage,minimal,decor"
1425,GlowGrid Home 717,Home,GlowGrid,16358.38,3.6,0.566,"cozy,modern,LED"
1426,Velora Fashion 574,Fashion,Velora,5933.15,5.0,0.508,"winter,cotton,athleisure"
1427,ZenWare Electronic 792,Electronics,ZenWare,79860.94,4.8,0.429,"portable,wireless,4k"
1428,Funfinity Toy 912,Toys,Funfinity,1743.58,4.7,0.809,"outdoor,STEM"
1429,Toyverse Toy 885,Toys,Toyverse,3512.5,4.3,0.521,"collectible,creative,plush"
1430,Electra Electronic 706,Electronics,Electra,35616.43,4.4,0.666,"4k,wireless,fast-charge,USB-C"
1431,PeakPro Sport 764,Sports,PeakPro,9517.16,3.8,0.461,"outdoor,running,indoor"
1432,PlayPulse Toy 417,Toys,PlayPulse,2393.57,4.6,0.715,"collectible,board-game,educational"
1433,Silka Beauty 434,Beauty,Silka,277.08,3.9,0.693,"paraben-free,matte,hydrating"
1434,FurEver Pet 167,Pets,FurEver,5918.44,4.6,0.677,"grooming,toys,health,treats"
1435,Quillhouse Book 832,Books,Quillhouse,548.17,4.0,0.443,"kids,biography,fantasy"
1436,RoadRite Automotive 292,Automotive,RoadRite,11554.85,4.4,0.548,"car-care,safety"
1437,Homely Home 472,Home,Homely,4065.16,4.5,0.404,"minimal,storage"
1438,Nestica Home 489,Home,Nestica,18794.17,3.1,0.656,"storage,modern"
1439,Electra Electronic 294,Electronics,Electra,23053.76,3.9,0.493,"fast-charge,bluetooth,wireless"
1440,SwiftFit Sport 397,Sports,SwiftFit,11172.6,4.5,0.769,"outdoor,training"
1441,PetVibe Pet 946,Pets,PetVibe,1171.25,4.1,0.577,"grooming,bedding,toys,training"
1442,PlayPulse Toy 880,Toys,PlayPulse,577.93,4.6,0.794,"STEM,collectible,plush"
1443,Toyverse Toy 937,Toys,Toyverse,872.75,4.7,0.615,"board-game,creative,puzzle,collectible"
1444,Pageturn Book 564,Books,Pageturn,893.94,3.6,0.486,"kids,fiction,sci-fi"
1445,GearGrid Automotive 239,Automotive,GearGrid,6253.15,4.8,0.649,"performance,storage"
1446,KiddiCo Toy 642,Toys,KiddiCo,185.29,4.2,0.532,"board-game,puzzle"
1447,BluePine Fashion 714,Fashion,BluePine,3651.43,5.0,0.383,"slim-fit,athleisure,formal"
1448,ZenWare Electronic 763,Electronics,ZenWare,70729.72,4.4,0.231,"portable,wireless"
1449,GoodGrain Grocery 319,Grocery,GoodGrain,54.03,3.0,0.336,"spice,beverage"
1450,Athletiq Sport 584,Sports,Athletiq,5957.58,4.3,0.779,"cycling,running,outdoor,waterproof"
1451,Velora Fashion 798,Fashion,Velora,1142.3,3.9,0.534,"winter,cotton"
1452,Tailspin Pet 919,Pets,Tailspin,215.91,3.8,0.468,"grooming,bedding"
1453,Auralux Electronic 331,Electronics,Auralux,44120.92,4.5,0.488,"USB-C,portable"
1454,Pawfect Pet 334,Pets,Pawfect,4743.42,3.9,0.608,"training,treats,toys,grooming"
1455,Furnio Home 738,Home,Furnio,21596.48,4.1,0.153,"LED,cozy,minimal,modern"
1456,RidePro Automotive 937,Automotive,RidePro,6183.08,4.6,0.456,"accessory,performance"
1457,Strider Sport 810,Sports,Strider,16507.86,4.5,0.76,"outdoor,strength,training,yoga"
1458,Whiskerly Pet 675,Pets,Whiskerly,9793.51,4.7,0.811,"cat,treats,health"
1459,PlayPulse Toy 175,Toys,PlayPulse,3904.93,3.7,0.929,"STEM,creative"
1460,Toyverse Toy 503,Toys,Toyverse,1569.74,4.0,0.645,"puzzle,plush,creative,educational"
1461,Pageturn Book 182,Books,Pageturn,555.63,4.0,0.097,"fiction,sci-fi,self-help"
1462,DailyFresh Grocery 104,Grocery,DailyFresh,112.58,4.2,0.99,"organic,low-sugar,spice"
1463,Homely Home 157,Home,Homely,7914.18,3.3,0.882,"LED,cozy"
1464,StoryArc Book 907,Books,StoryArc,105.98,4.6,0.589,"biography,non-fiction,history"
1465,Flexion Sport 502,Sports,Flexion,15089.49,3.4,0.443,"running,cycling"
1466,Autonix Automotive 841,Automotive,Autonix,6366.13,4.1,0.909,"car-care,performance,lighting"
1467,PlayPulse Toy 545,Toys,PlayPulse,3143.13,4.2,0.917,"creative,puzzle,board-game"
1468,NutriGo Grocery 163,Grocery,NutriGo,159.01,4.1,0.99,"organic,spice,beverage"
1469,DailyFresh Grocery 757,Grocery,DailyFresh,250.81,3.9,0.85,"beverage,snack"
1470,Leaf&Line Book 106,Books,Leaf&Line,1315.73,4.0,0.507,"sci-fi,biography,fiction"
1471,PixelPeak Electronic 299,Electronics,PixelPeak,10441.72,3.9,0.516,"smart,USB-C,noise-cancel,4k"
1472,KiddiCo Toy 450,Toys,KiddiCo,2801.05,4.3,0.191,"outdoor,creative,STEM,plush"
1473,Electra Electronic 450,Electronics,Electra,21728.44,3.8,0.747,"bluetooth,wireless"
1474,TorqueX Automotive 621,Automotive,TorqueX,19067.8,4.1,0.714,"lighting,performance"
1475,Whiskerly Pet 267,Pets,Whiskerly,9382.28,4.2,0.581,"training,bedding,grooming"
1476,PlayPulse Toy 829,Toys,PlayPulse,3216.36,3.7,0.502,"creative,plush"
1477,Silka Beauty 245,Beauty,Silka,1395.27,4.5,0.885,"paraben-free,hydrating"
1478,RoadRite Automotive 759,Automotive,RoadRite,13634.12,4.1,0.51,"cleaning,audio,car-care,accessory"
1479,Flexion Sport 138,Sports,Flexion,14537.83,4.2,0.99,"strength,waterproof,outdoor"
1480,PlayPulse Toy 163,Toys,PlayPulse,1620.19,4.3,0.99,"creative,puzzle"
1481,PixelPeak Electronic 674,Electronics,PixelPeak,59203.81,4.5,0.854,"smart,bluetooth"
1482,Lumine Beauty 455,Beauty,Lumine,2433.26,3.5,0.81,"matte,SPF"
1483,SwiftFit Sport 163,Sports,SwiftFit,1514.5,3.9,0.748,"strength,outdoor,waterproof,running"
1484,PixelPeak Electronic 159,Electronics,PixelPeak,48663.18,3.8,0.787,"4k,wireless"
1485,Quillhouse Book 643,Books,Quillhouse,1480.23,3.8,0.99,"kids,history,fantasy"
1486,PureGlow Beauty 133,Beauty,PureGlow,3480.32,4.6,0.586,"fragrance-free,long-wear,SPF"
1487,PlayPulse Toy 541,Toys,PlayPulse,991.82,4.2,0.843,"creative,puzzle,STEM,collectible"
1488,Furnio Home 537,Home,Furnio,6171.87,4.0,0.435,"minimal,cozy,decor,steel"
1489,SwiftFit Sport 184,Sports,SwiftFit,3423.35,4.4,0.591,"strength,waterproof"
1490,Flexion Sport 177,Sports,Flexion,13127.1,4.4,0.466,"outdoor,indoor"
1491,KiddiCo Toy 198,Toys,KiddiCo,611.46,4.7,0.813,"outdoor,educational,board-game,collectible"
1492,Naturra Beauty 167,Beauty,Naturra,1482.73,4.0,0.651,"paraben-free,matte"
1493,RoadRite Automotive 829,Automotive,RoadRite,19045.17,5.0,0.648,"storage,lighting,safety,performance"
1494,Inkspire Book 218,Books,Inkspire,775.92,3.7,0.99,"fiction,sci-fi,self-help"
1495,Tailspin Pet 219,Pets,Tailspin,9544.67,4.4,0.735,"cat,toys,health,training"
1496,Nestica Home 366,Home,Nestica,9276.78,3.5,0.813,"cozy,minimal,LED"
1497,Flexion Sport 524,Sports,Flexion,19437.64,4.5,0.635,"running,outdoor,training,waterproof"
1498,GoodGrain Grocery 104,Grocery,GoodGrain,187.94,4.4,0.738,"beverage,gluten-free"
1499,Athletiq Sport 164,Sports,Athletiq,9749.82,3.4,0.316,"indoor,waterproof,strength"
1500,PeakPro Sport 255,Sports,PeakPro,3146.52,4.6,0.34,"running,strength,waterproof"
1501,Tailspin Pet 837,Pets,Tailspin,4885.34,3.9,0.821,"toys,grooming,health,dog"
1502,JoyBox Toy 127,Toys,JoyBox,606.01,3.8,0.608,"plush,outdoor,STEM"
1503,Funfinity Toy 489,Toys,Funfinity,1859.81,3.4,0.842,"collectible,puzzle,plush"
1504,Toyverse Toy 218,Toys,Toyverse,3817.03,3.3,0.231,"outdoor,STEM"
1505,GoodGrain Grocery 386,Grocery,GoodGrain,164.17,4.4,0.309,"vegan,low-sugar"
1506,RidePro Automotive 577,Automotive,RidePro,1973.8,4.5,0.503,"storage,safety,performance"
1507,Toyverse Toy 157,Toys,Toyverse,3725.68,4.7,0.429,"puzzle,outdoor,STEM,educational"
1508,Lumine Beauty 937,Beauty,Lumine,3224.26,3.4,0.774,"organic,fragrance-free,paraben-free"
1509,Whiskerly Pet 300,Pets,Whiskerly,9446.04,3.9,0.668,"toys,cat"
1510,Naturra Beauty 825,Beauty,Naturra,1469.26,3.9,0.621,"vitamin-c,long-wear"
1511,Auralux Electronic 405,Electronics,Auralux,66009.19,4.3,0.05,"portable,noise-cancel,smart,fast-charge"
1512,KiddiCo Toy 572,Toys,KiddiCo,3902.17,4.0,0.525,"STEM,creative"
1513,Inkspire Book 395,Books,Inkspire,792.69,3.7,0.52,"fantasy,self-help,non-fiction,sci-fi"
1514,PlayPulse Toy 212,Toys,PlayPulse,1828.14,4.6,0.328,"board-game,plush"
1515,GlowGrid Home 723,Home,GlowGrid,19562.36,4.2,0.501,"LED,storage"
1516,PetVibe Pet 752,Pets,PetVibe,8565.12,4.3,0.588,"toys,dog,bedding"
1517,Saffra Fashion 508,Fashion,Saffra,5738.33,4.6,0.99,"unisex,winter,athleisure"
1518,BluePine Fashion 569,Fashion,BluePine,4204.91,3.9,0.499,"formal,unisex,casual"
1519,PlayPulse Toy 728,Toys,PlayPulse,4873.43,4.0,0.466,"STEM,educational,outdoor,board-game"
1520,Furnio Home 495,Home,Furnio,19578.72,4.5,0.782,"wood,storage,modern"
1521,Nestica Home 830,Home,Nestica,15669.61,4.1,0.593,"decor,storage,LED,modern"
1522,Toyverse Toy 491,Toys,Toyverse,412.75,4.3,0.384,"educational,outdoor,STEM"
1523,GoodGrain Grocery 864,Grocery,GoodGrain,436.35,3.4,0.554,"spice,organic"
1524,Quillhouse Book 722,Books,Quillhouse,839.13,3.6,0.613,"kids,history,sci-fi,self-help"
1525,GoodGrain Grocery 985,Grocery,GoodGrain,160.56,4.7,0.495,"low-sugar,staple,organic,gluten-free"
1526,Pageturn Book 892,Books,Pageturn,468.65,3.6,0.697,"non-fiction,fiction,biography"
1527,Funfinity Toy 710,Toys,Funfinity,3818.25,4.0,0.293,"board-game,creative"
1528,PixelPeak Electronic 670,Electronics,PixelPeak,1577.91,3.8,0.725,"noise-cancel,fast-charge,USB-C,bluetooth"
1529,Velora Fashion 811,Fashion,Velora,2870.53,3.8,0.585,"summer,winter,formal"
1530,Strider Sport 813,Sports,Strider,12545.41,3.8,0.385,"yoga,running,training,waterproof"
1531,Saffra Fashion 468,Fashion,Saffra,3449.23,4.0,0.228,"unisex,formal,winter"
1532,UrbanLeaf Fashion 912,Fashion,UrbanLeaf,2819.25,4.6,0.297,"athleisure,slim-fit,formal"
1533,JoyBox Toy 708,Toys,JoyBox,3767.75,4.3,0.592,"plush,creative,collectible,board-game"
1534,Athletiq Sport 474,Sports,Athletiq,14453.32,4.1,0.623,"strength,waterproof,running,training"
1535,Auralux Electronic 679,Electronics,Auralux,57876.8,3.6,0.99,"noise-cancel,portable,fast-charge"
1536,Auralux Electronic 319,Electronics,Auralux,76787.26,4.5,0.279,"smart,fast-charge,noise-cancel,USB-C"
1537,NutriGo Grocery 254,Grocery,NutriGo,293.51,4.2,0.543,"vegan,beverage,staple"
1538,Inkspire Book 938,Books,Inkspire,807.35,3.9,0.821,"self-help,biography"
1539,Bloomly Beauty 535,Beauty,Bloomly,289.02,4.1,0.284,"hydrating,paraben-free"
1540,Leaf&Line Book 830,Books,Leaf&Line,1212.45,4.8,0.431,"self-help,non-fiction"
1541,CasaCore Home 899,Home,CasaCore,16504.3,4.2,0.317,"cozy,wood"
1542,Nestica Home 319,Home,Nestica,14609.37,5.0,0.872,"LED,wood,decor,cozy"
1543,Whiskerly Pet 566,Pets,Whiskerly,2994.43,4.4,0.338,"bedding,grooming,toys"
1544,FurEver Pet 898,Pets,FurEver,7138.59,4.1,0.5,"health,treats"
1545,Funfinity Toy 830,Toys,Funfinity,4323.56,4.6,0.747,"plush,puzzle"
1546,CasaCore Home 353,Home,CasaCore,4556.32,3.5,0.409,"steel,LED"
1547,Toyverse Toy 837,Toys,Toyverse,1393.88,4.6,0.816,"educational,outdoor"
1548,Toyverse Toy 908,Toys,Toyverse,2097.24,4.8,0.727,"plush,board-game,collectible,STEM"
1549,ZenWare Electronic 363,Electronics,ZenWare,64604.8,3.6,0.702,"wireless,USB-C,bluetooth"
1550,SwiftFit Sport 314,Sports,SwiftFit,17440.36,4.0,0.671,"training,waterproof,running"
1551,Nestica Home 550,Home,Nestica,6912.43,3.7,0.608,"decor,modern,minimal"
1552,Toyverse Toy 565,Toys,Toyverse,1244.03,4.3,0.335,"STEM,outdoor,creative"
1553,PetVibe Pet 724,Pets,PetVibe,3717.48,4.3,0.694,"training,grooming"
1554,Pageturn Book 462,Books,Pageturn,487.52,4.5,0.437,"kids,fantasy,history,non-fiction"
1555,Toyverse Toy 677,Toys,Toyverse,1069.38,4.9,0.81,"collectible,outdoor,educational"
1556,Naturra Beauty 336,Beauty,Naturra,340.07,4.6,0.259,"SPF,fragrance-free,matte,vitamin-c"
1557,PlayPulse Toy 833,Toys,PlayPulse,1004.83,4.5,0.623,"puzzle,plush"
1558,Naturra Beauty 947,Beauty,Naturra,1062.56,4.9,0.743,"long-wear,matte"
1559,PetVibe Pet 282,Pets,PetVibe,3243.79,4.5,0.673,"grooming,training,health,treats"
1560,PetVibe Pet 452,Pets,PetVibe,9091.62,4.2,0.712,"toys,cat"
1561,Athletiq Sport 289,Sports,Athletiq,2919.33,4.1,0.662,"waterproof,running,indoor,cycling"
1562,Pageturn Book 931,Books,Pageturn,1205.94,4.1,0.869,"biography,kids,non-fiction"
1563,PixelPeak Electronic 763,Electronics,PixelPeak,14923.77,3.8,0.245,"fast-charge,bluetooth"
1564,PixelPeak Electronic 414,Electronics,PixelPeak,28819.02,3.4,0.892,"portable,bluetooth,wireless"
1565,Toyverse Toy 182,Toys,Toyverse,2780.34,4.1,0.729,"board-game,plush"
1566,Bloomly Beauty 987,Beauty,Bloomly,195.63,3.2,0.772,"organic,hydrating,matte,long-wear"
1567,GreenBarn Grocery 702,Grocery,GreenBarn,246.57,3.7,0.81,"beverage,spice"
1568,Bloomly Beauty 442,Beauty,Bloomly,3041.01,3.6,0.845,"fragrance-free,matte,vitamin-c,paraben-free"
1569,Strider Sport 673,Sports,Strider,10491.82,3.5,0.547,"strength,running,cycling,waterproof"
1570,UrbanLeaf Fashion 290,Fashion,UrbanLeaf,4343.83,4.1,0.471,"athleisure,slim-fit,cotton,unisex"
1571,Flexion Sport 976,Sports,Flexion,5397.34,4.8,0.651,"indoor,yoga,waterproof,training"
1572,PixelPeak Electronic 282,Electronics,PixelPeak,41594.38,5.0,0.419,"fast-charge,USB-C"
1573,GreenBarn Grocery 378,Grocery,GreenBarn,139.12,4.3,0.566,"beverage,organic,spice,vegan"
1574,ModeX Fashion 312,Fashion,ModeX,1790.43,4.3,0.705,"unisex,formal"
1575,PureFarm Grocery 393,Grocery,PureFarm,88.78,3.6,0.722,"beverage,spice,snack"
1576,CasaCore Home 432,Home,CasaCore,19995.67,4.2,0.51,"decor,wood,storage,LED"
1577,GlowGrid Home 541,Home,GlowGrid,21250.97,4.5,0.583,"cozy,storage"
1578,GoodGrain Grocery 420,Grocery,GoodGrain,425.25,3.7,0.46,"snack,staple,gluten-free"
1579,TorqueX Automotive 214,Automotive,TorqueX,8854.3,3.7,0.444,"storage,car-care,cleaning,accessory"
1580,Homely Home 679,Home,Homely,19730.47,4.0,0.694,"minimal,decor,modern"
1581,Toyverse Toy 285,Toys,Toyverse,1664.08,4.5,0.689,"puzzle,collectible"
1582,DailyFresh Grocery 942,Grocery,DailyFresh,332.31,4.4,0.787,"spice,beverage,vegan"
1583,PlayPulse Toy 155,Toys,PlayPulse,2238.79,4.2,0.649,"puzzle,outdoor"
1584,CasaCore Home 196,Home,CasaCore,25290.96,3.9,0.614,"modern,steel,LED"
1585,Leaf&Line Book 589,Books,Leaf&Line,478.04,3.3,0.448,"fantasy,kids,sci-fi"
1586,DailyFresh Grocery 170,Grocery,DailyFresh,235.18,3.3,0.78,"spice,staple,snack"
1587,Quillhouse Book 814,Books,Quillhouse,495.17,4.5,0.555,"sci-fi,fiction,fantasy"
1588,SwiftFit Sport 563,Sports,SwiftFit,10362.55,3.5,0.679,"outdoor,training"
1589,Saffra Fashion 481,Fashion,Saffra,1881.88,4.4,0.587,"slim-fit,unisex,formal"
1590,NutriGo Grocery 114,Grocery,NutriGo,245.89,4.5,0.512,"vegan,snack,spice"
1591,Whiskerly Pet 408,Pets,Whiskerly,9496.6,3.6,0.692,"cat,health"
1592,DailyFresh Grocery 246,Grocery,DailyFresh,259.17,3.2,0.411,"beverage,vegan"
1593,Naturra Beauty 998,Beauty,Naturra,1707.01,4.1,0.956,"long-wear,organic"
1594,PixelPeak Electronic 890,Electronics,PixelPeak,57821.99,3.9,0.744,"USB-C,fast-charge,bluetooth"
1595,TorqueX Automotive 987,Automotive,TorqueX,21263.91,4.5,0.59,"car-care,cleaning,lighting"
1596,FurEver Pet 767,Pets,FurEver,5278.36,4.6,0.075,"dog,toys"
1597,Saffra Fashion 220,Fashion,Saffra,1395.19,4.2,0.539,"slim-fit,summer,casual,formal"
1598,Flexion Sport 722,Sports,Flexion,16331.94,4.1,0.637,"yoga,outdoor,strength,waterproof"
1599,Velora Fashion 447,Fashion,Velora,2555.7,3.9,0.549,"athleisure,cotton,summer,winter"
1600,NovaTech Electronic 158,Electronics,NovaTech,69547.1,5.0,0.564,"portable,smart"
1601,Flexion Sport 582,Sports,Flexion,16640.5,4.0,0.536,"running,cycling,yoga"
1602,UrbanLeaf Fashion 503,Fashion,UrbanLeaf,504.34,5.0,0.617,"formal,slim-fit,athleisure"
1603,Bloomly Beauty 183,Beauty,Bloomly,383.86,4.4,0.452,"long-wear,vitamin-c"
1604,Furnio Home 879,Home,Furnio,26497.89,3.2,0.37,"LED,steel,modern,minimal"
1605,Toyverse Toy 948,Toys,Toyverse,3616.35,4.9,0.257,"creative,puzzle"
1606,RidePro Automotive 575,Automotive,RidePro,2827.86,4.3,0.713,"car-care,lighting"
1607,FurEver Pet 346,Pets,FurEver,3513.17,3.5,0.68,"dog,toys"
1608,Quillhouse Book 744,Books,Quillhouse,1434.39,4.2,0.502,"sci-fi,fiction"
1609,Funfinity Toy 281,Toys,Funfinity,414.65,4.1,0.404,"STEM,board-game,collectible,plush"
1610,Pageturn Book 490,Books,Pageturn,426.92,2.9,0.389,"fantasy,fiction"
1611,Auralux Electronic 990,Electronics,Auralux,79706.81,3.8,0.664,"noise-cancel,smart,USB-C,wireless"
1612,Naturra Beauty 218,Beauty,Naturra,470.41,5.0,0.281,"paraben-free,vitamin-c"
1613,JoyBox Toy 421,Toys,JoyBox,4280.56,5.0,0.505,"STEM,puzzle,collectible"
1614,DailyFresh Grocery 995,Grocery,DailyFresh,121.71,3.8,0.644,"gluten-free,spice"
1615,GoodGrain Grocery 138,Grocery,GoodGrain,303.32,4.4,0.603,"beverage,organic,spice,vegan"
1616,DailyFresh Grocery 758,Grocery,DailyFresh,136.02,3.6,0.751,"gluten-free,spice,beverage,low-sugar"
1617,Pageturn Book 531,Books,Pageturn,1366.26,4.1,0.896,"non-fiction,biography,kids,fantasy"
1618,PureGlow Beauty 137,Beauty,PureGlow,1320.97,4.7,0.59,"long-wear,matte,vitamin-c,SPF"
1619,PlayPulse Toy 931,Toys,PlayPulse,2479.72,4.1,0.518,"outdoor,plush,puzzle"
1620,Bloomly Beauty 541,Beauty,Bloomly,3802.45,4.6,0.474,"paraben-free,SPF,matte"
1621,NovaTech Electronic 363,Electronics,NovaTech,76343.49,4.0,0.439,"fast-charge,noise-cancel,USB-C"
1622,GreenBarn Grocery 690,Grocery,GreenBarn,312.76,3.3,0.644,"beverage,spice"
1623,GlowGrid Home 918,Home,GlowGrid,5756.89,4.3,0.549,"storage,minimal,wood"
1624,PureGlow Beauty 152,Beauty,PureGlow,1684.73,3.9,0.326,"SPF,long-wear"
1625,RoadRite Automotive 432,Automotive,RoadRite,6999.22,4.7,0.418,"cleaning,storage,safety"
1626,FurEver Pet 529,Pets,FurEver,6207.53,4.4,0.464,"bedding,training"
1627,Silka Beauty 851,Beauty,Silka,826.18,4.2,0.779,"vitamin-c,hydrating"
1628,GlowGrid Home 629,Home,GlowGrid,20726.92,3.9,0.536,"steel,decor,wood"
1629,Auralux Electronic 915,Electronics,Auralux,8995.45,4.4,0.945,"4k,portable,noise-cancel"
1630,CasaCore Home 405,Home,CasaCore,24900.12,3.9,0.601,"minimal,LED,storage,cozy"
1631,TorqueX Automotive 385,Automotive,TorqueX,12191.04,3.8,0.727,"lighting,safety,audio"
1632,Nestica Home 603,Home,Nestica,4914.94,4.4,0.719,"LED,wood,cozy,decor"
1633,Electra Electronic 484,Electronics,Electra,41560.58,4.1,0.57,"4k,wireless"
1634,Auralux Electronic 100,Electronics,Auralux,57178.01,4.0,0.567,"portable,USB-C,wireless"
1635,Bloomly Beauty 526,Beauty,Bloomly,1094.31,4.3,0.492,"fragrance-free,long-wear,organic,matte"
1636,DailyFresh Grocery 148,Grocery,DailyFresh,246.11,4.5,0.718,"spice,organic"
1637,Homely Home 163,Home,Homely,13746.37,3.8,0.636,"steel,storage,minimal"
1638,Electra Electronic 989,Electronics,Electra,51642.31,3.0,0.556,"smart,noise-cancel,4k"
1639,Leaf&Line Book 964,Books,Leaf&Line,1088.57,2.8,0.504,"fantasy,self-help,fiction,biography"
1640,UrbanLeaf Fashion 794,Fashion,UrbanLeaf,4026.73,3.9,0.805,"winter,summer"
1641,KiddiCo Toy 535,Toys,KiddiCo,4605.17,4.5,0.99,"outdoor,creative,STEM,puzzle"
1642,GoodGrain Grocery 910,Grocery,GoodGrain,374.66,4.4,0.764,"staple,snack"
1643,Pawfect Pet 205,Pets,Pawfect,8856.64,3.7,0.97,"bedding,dog,training,cat"
1644,Funfinity Toy 711,Toys,Funfinity,3767.98,4.1,0.712,"collectible,outdoor"
1645,Bloomly Beauty 282,Beauty,Bloomly,2826.16,3.8,0.825,"organic,vitamin-c"
1646,PixelPeak Electronic 272,Electronics,PixelPeak,16063.65,3.8,0.747,"4k,USB-C,bluetooth,portable"
1647,Flexion Sport 400,Sports,Flexion,3394.14,4.0,0.405,"waterproof,yoga,cycling,indoor"
1648,NovaTech Electronic 457,Electronics,NovaTech,78131.77,3.8,0.877,"4k,fast-charge,bluetooth,wireless"
1649,KiddiCo Toy 880,Toys,KiddiCo,2753.45,4.2,0.524,"board-game,outdoor,STEM,collectible"
1650,Quillhouse Book 977,Books,Quillhouse,467.68,3.2,0.521,"biography,sci-fi"
1651,KiddiCo Toy 405,Toys,KiddiCo,875.69,3.8,0.672,"outdoor,educational"
1652,UrbanLeaf Fashion 933,Fashion,UrbanLeaf,472.74,3.4,0.334,"athleisure,unisex"
1653,GoodGrain Grocery 898,Grocery,GoodGrain,176.41,3.5,0.395,"organic,staple,gluten-free,low-sugar"
1654,Nestica Home 183,Home,Nestica,22804.32,3.7,0.386,"storage,modern"
1655,Homely Home 463,Home,Homely,25758.41,3.7,0.841,"cozy,modern,minimal,wood"
1656,Tailspin Pet 996,Pets,Tailspin,8975.41,4.3,0.526,"grooming,health"
1657,TorqueX Automotive 643,Automotive,TorqueX,2290.75,4.4,0.399,"cleaning,lighting,audio,safety"
1658,Leaf&Line Book 837,Books,Leaf&Line,924.0,4.3,0.438,"sci-fi,non-fiction,kids"
1659,TorqueX Automotive 414,Automotive,TorqueX,501.94,4.1,0.778,"audio,storage"
1660,Funfinity Toy 309,Toys,Funfinity,3192.11,4.3,0.711,"creative,educational"
1661,Whiskerly Pet 102,Pets,Whiskerly,6233.81,4.7,0.695,"training,bedding"
1662,UrbanLeaf Fashion 711,Fashion,UrbanLeaf,4997.16,4.4,0.99,"winter,formal"
1663,RoadRite Automotive 595,Automotive,RoadRite,1657.27,5.0,0.466,"cleaning,storage"
1664,StoryArc Book 124,Books,StoryArc,1414.61,3.6,0.882,"non-fiction,fiction,fantasy,kids"
1665,Naturra Beauty 559,Beauty,Naturra,3264.23,4.1,0.43,"vitamin-c,matte,fragrance-free"
1666,PureFarm Grocery 600,Grocery,PureFarm,443.73,4.2,0.7,"staple,vegan"
1667,StoryArc Book 689,Books,StoryArc,171.73,4.3,0.233,"sci-fi,self-help,history,fantasy"
1668,ModeX Fashion 901,Fashion,ModeX,1682.84,3.9,0.658,"athleisure,summer,casual,winter"
1669,Pageturn Book 629,Books,Pageturn,304.27,3.7,0.669,"kids,self-help,fantasy,fiction"
1670,PeakPro Sport 752,Sports,PeakPro,3725.06,5.0,0.679,"outdoor,strength,indoor,running"
1671,Furnio Home 302,Home,Furnio,14358.44,2.8,0.76,"minimal,steel,decor"
1672,UrbanLeaf Fashion 337,Fashion,UrbanLeaf,3616.39,3.8,0.574,"formal,casual,athleisure"
1673,UrbanLeaf Fashion 494,Fashion,UrbanLeaf,1326.95,4.1,0.69,"summer,slim-fit,athleisure,winter"
1674,Quillhouse Book 594,Books,Quillhouse,481.39,4.6,0.456,"history,biography,self-help,kids"
1675,GreenBarn Grocery 433,Grocery,GreenBarn,72.53,2.9,0.665,"gluten-free,staple,spice"
1676,Autonix Automotive 358,Automotive,Autonix,545.52,4.1,0.589,"performance,accessory"
1677,Tailspin Pet 651,Pets,Tailspin,2360.52,3.7,0.62,"toys,health,cat"
1678,TorqueX Automotive 819,Automotive,TorqueX,938.84,4.6,0.694,"performance,lighting,audio,car-care"
1679,Saffra Fashion 845,Fashion,Saffra,1645.85,4.4,0.429,"cotton,formal,casual"
1680,PureFarm Grocery 715,Grocery,PureFarm,459.39,3.1,0.824,"organic,spice,low-sugar"
1681,Auralux Electronic 118,Electronics,Auralux,67616.02,3.0,0.681,"USB-C,4k,fast-charge,bluetooth"
1682,PetVibe Pet 756,Pets,PetVibe,5881.23,3.6,0.45,"treats,health,toys"
1683,DailyFresh Grocery 971,Grocery,DailyFresh,127.71,4.3,0.526,"staple,low-sugar,spice"
1684,Tailspin Pet 168,Pets,Tailspin,9064.61,4.0,0.573,"toys,training"
1685,Lumine Beauty 688,Beauty,Lumine,2190.65,5.0,0.775,"paraben-free,SPF,fragrance-free"
1686,JoyBox Toy 653,Toys,JoyBox,3982.5,3.4,0.989,"creative,plush"
1687,ModeX Fashion 200,Fashion,ModeX,1942.8,3.9,0.543,"formal,summer,winter,athleisure"
1688,TorqueX Automotive 296,Automotive,TorqueX,9067.44,3.6,0.415,"car-care,cleaning,performance,safety"
1689,ModeX Fashion 655,Fashion,ModeX,2923.25,4.1,0.507,"winter,formal,cotton,slim-fit"
1690,FurEver Pet 976,Pets,FurEver,5929.97,4.2,0.589,"dog,grooming"
1691,Leaf&Line Book 369,Books,Leaf&Line,702.7,3.7,0.567,"non-fiction,kids,fiction,sci-fi"
1692,Tailspin Pet 142,Pets,Tailspin,8519.56,4.7,0.753,"grooming,training,bedding,cat"
1693,Autonix Automotive 792,Automotive,Autonix,8063.59,4.0,0.301,"cleaning,car-care,safety"
1694,PetVibe Pet 927,Pets,PetVibe,8669.3,4.2,0.982,"dog,cat"
1695,Electra Electronic 989,Electronics,Electra,40237.51,3.6,0.667,"USB-C,portable,bluetooth,fast-charge"
1696,PeakPro Sport 525,Sports,PeakPro,1780.59,4.3,0.604,"indoor,cycling,strength,waterproof"
1697,NutriGo Grocery 750,Grocery,NutriGo,60.02,4.4,0.99,"vegan,staple,gluten-free,spice"
1698,Electra Electronic 669,Electronics,Electra,53355.82,4.1,0.817,"portable,USB-C,noise-cancel"
1699,GlowGrid Home 887,Home,GlowGrid,5216.39,5.0,0.437,"minimal,decor,cozy,modern"
1700,Quillhouse Book 950,Books,Quillhouse,204.46,4.4,0.652,"history,fantasy,kids,sci-fi"
1701,Nestica Home 554,Home,Nestica,27416.01,4.2,0.612,"cozy,decor,minimal,steel"
1702,BluePine Fashion 293,Fashion,BluePine,1503.64,5.0,0.419,"cotton,summer"
1703,Naturra Beauty 457,Beauty,Naturra,2529.03,3.9,0.17,"matte,SPF,paraben-free"
1704,StoryArc Book 194,Books,StoryArc,1299.02,3.4,0.759,"self-help,history,fantasy,fiction"
1705,GreenBarn Grocery 519,Grocery,GreenBarn,194.41,4.0,0.566,"low-sugar,spice,staple"
1706,NutriGo Grocery 928,Grocery,NutriGo,145.91,4.5,0.568,"organic,spice,snack,vegan"
1707,GoodGrain Grocery 397,Grocery,GoodGrain,136.81,4.0,0.615,"snack,low-sugar"
1708,Pawfect Pet 866,Pets,Pawfect,2784.61,4.2,0.459,"cat,grooming,dog"
1709,Electra Electronic 298,Electronics,Electra,17252.33,4.1,0.673,"wireless,USB-C,smart"
1710,GlowGrid Home 863,Home,GlowGrid,27583.53,4.6,0.654,"cozy,minimal,LED"
1711,NovaTech Electronic 213,Electronics,NovaTech,11269.23,3.9,0.849,"noise-cancel,wireless,USB-C"
1712,Flexion Sport 466,Sports,Flexion,3450.23,3.8,0.672,"yoga,outdoor,strength"
1713,StoryArc Book 467,Books,StoryArc,1234.26,3.5,0.729,"biography,non-fiction,fiction"
1714,Whiskerly Pet 467,Pets,Whiskerly,6634.16,4.2,0.05,"grooming,dog"
1715,Pageturn Book 886,Books,Pageturn,1420.76,4.3,0.579,"history,kids,sci-fi"
1716,Bloomly Beauty 795,Beauty,Bloomly,1212.49,4.3,0.809,"organic,hydrating,paraben-free,matte"
1717,ModeX Fashion 868,Fashion,ModeX,2578.72,4.5,0.63,"slim-fit,formal"
1718,Quillhouse Book 786,Books,Quillhouse,1185.02,4.4,0.9,"kids,self-help,history"
1719,SwiftFit Sport 366,Sports,SwiftFit,2093.37,4.2,0.541,"training,yoga"
1720,Funfinity Toy 495,Toys,Funfinity,1341.75,4.5,0.528,"creative,STEM,puzzle"
1721,Athletiq Sport 630,Sports,Athletiq,10328.58,4.1,0.711,"cycling,yoga"
1722,Naturra Beauty 738,Beauty,Naturra,2487.54,4.7,0.372,"organic,hydrating,paraben-free,vitamin-c"
1723,Pawfect Pet 384,Pets,Pawfect,9168.7,4.9,0.05,"treats,training,grooming,bedding"
1724,Electra Electronic 115,Electronics,Electra,11799.59,4.1,0.769,"fast-charge,4k"
1725,Strider Sport 357,Sports,Strider,1802.11,3.8,0.393,"training,yoga,strength"
1726,Homely Home 274,Home,Homely,6220.52,4.3,0.36,"minimal,LED,storage"
1727,PeakPro Sport 473,Sports,PeakPro,19792.02,3.8,0.776,"yoga,strength"
1728,UrbanLeaf Fashion 708,Fashion,UrbanLeaf,5554.2,4.1,0.447,"winter,slim-fit"
1729,KiddiCo Toy 612,Toys,KiddiCo,1188.58,4.3,0.51,"educational,plush"
1730,CasaCore Home 539,Home,CasaCore,13617.8,4.1,0.476,"storage,modern,wood"
1731,Leaf&Line Book 689,Books,Leaf&Line,531.06,5.0,0.777,"sci-fi,fantasy"
1732,Bloomly Beauty 223,Beauty,Bloomly,3484.27,3.7,0.088,"long-wear,paraben-free,matte,organic"
1733,TorqueX Automotive 958,Automotive,TorqueX,8031.62,4.5,0.412,"audio,storage,performance"
1734,Saffra Fashion 384,Fashion,Saffra,2789.06,3.8,0.47,"winter,cotton,unisex"
1735,ZenWare Electronic 467,Electronics,ZenWare,48184.16,4.7,0.659,"4k,bluetooth"
1736,ZenWare Electronic 125,Electronics,ZenWare,41355.14,4.3,0.743,"bluetooth,USB-C"
1737,ModeX Fashion 550,Fashion,ModeX,3380.26,3.9,0.237,"formal,winter,slim-fit"
1738,Whiskerly Pet 975,Pets,Whiskerly,4170.68,3.9,0.439,"training,bedding,health"
1739,Whiskerly Pet 633,Pets,Whiskerly,3062.77,3.8,0.927,"treats,bedding"
1740,Pageturn Book 839,Books,Pageturn,202.17,4.2,0.051,"kids,fiction"
1741,Saffra Fashion 482,Fashion,Saffra,1866.11,4.7,0.536,"athleisure,cotton"
1742,Auralux Electronic 131,Electronics,Auralux,52989.36,4.0,0.542,"noise-cancel,smart"
1743,GlowGrid Home 824,Home,GlowGrid,4108.65,3.7,0.78,"cozy,wood,LED"
1744,Toyverse Toy 355,Toys,Toyverse,1500.74,4.0,0.584,"creative,outdoor"
1745,Saffra Fashion 695,Fashion,Saffra,956.04,3.6,0.25,"slim-fit,unisex"
1746,Velora Fashion 318,Fashion,Velora,2769.49,3.4,0.957,"athleisure,cotton,slim-fit"
1747,Leaf&Line Book 299,Books,Leaf&Line,1051.6,4.2,0.99,"fiction,biography,sci-fi"
1748,Leaf&Line Book 846,Books,Leaf&Line,575.42,3.6,0.812,"fiction,history"
1749,Saffra Fashion 454,Fashion,Saffra,5997.37,5.0,0.532,"cotton,slim-fit,unisex"
1750,PeakPro Sport 659,Sports,PeakPro,9824.8,3.4,0.586,"waterproof,running,yoga,strength"
1751,Silka Beauty 261,Beauty,Silka,3524.69,3.3,0.336,"organic,SPF,paraben-free"
1752,Nestica Home 135,Home,Nestica,6813.68,2.5,0.747,"storage,decor,cozy"
1753,Autonix Automotive 832,Automotive,Autonix,18769.91,4.3,0.511,"cleaning,audio"
1754,GearGrid Automotive 694,Automotive,GearGrid,4190.5,4.4,0.597,"storage,audio,accessory"
1755,Silka Beauty 535,Beauty,Silka,2893.99,3.8,0.587,"SPF,long-wear,matte,paraben-free"
1756,GreenBarn Grocery 983,Grocery,GreenBarn,118.18,2.9,0.976,"gluten-free,low-sugar,spice"
1757,PureGlow Beauty 147,Beauty,PureGlow,2420.34,4.8,0.483,"vitamin-c,fragrance-free,organic"
1758,Homely Home 355,Home,Homely,19804.59,4.7,0.222,"decor,minimal,steel,storage"
1759,Lumine Beauty 312,Beauty,Lumine,3447.83,3.1,0.396,"hydrating,long-wear,paraben-free,SPF"
1760,FurEver Pet 110,Pets,FurEver,2511.6,3.5,0.591,"grooming,treats,dog"
1761,Velora Fashion 658,Fashion,Velora,3870.93,3.9,0.56,"slim-fit,summer,athleisure,winter"
1762,KiddiCo Toy 196,Toys,KiddiCo,1159.16,3.8,0.494,"puzzle,board-game,collectible,plush"
1763,Tailspin Pet 376,Pets,Tailspin,3393.77,4.1,0.42,"treats,training"
1764,Funfinity Toy 540,Toys,Funfinity,182.36,3.5,0.636,"plush,board-game,collectible"
1765,PetVibe Pet 251,Pets,PetVibe,4763.38,4.4,0.705,"bedding,toys,cat"
1766,GreenBarn Grocery 687,Grocery,GreenBarn,123.99,4.0,0.688,"staple,low-sugar,beverage,spice"
1767,PlayPulse Toy 311,Toys,PlayPulse,2728.13,3.4,0.38,"educational,STEM,creative,plush"
1768,KiddiCo Toy 434,Toys,KiddiCo,3063.12,4.3,0.511,"collectible,plush,outdoor,educational"
1769,PeakPro Sport 647,Sports,PeakPro,8922.73,4.5,0.408,"outdoor,strength,waterproof"
1770,Pawfect Pet 312,Pets,Pawfect,558.6,4.3,0.382,"treats,health"
1771,GoodGrain Grocery 270,Grocery,GoodGrain,447.03,4.2,0.795,"spice,gluten-free"
1772,ModeX Fashion 638,Fashion,ModeX,2567.32,3.4,0.317,"winter,summer"
1773,KiddiCo Toy 243,Toys,KiddiCo,4903.19,4.6,0.737,"collectible,STEM,educational"
1774,NovaTech Electronic 980,Electronics,NovaTech,23062.81,3.8,0.651,"portable,wireless,4k"
1775,NutriGo Grocery 244,Grocery,NutriGo,184.92,4.0,0.449,"low-sugar,spice"
1776,UrbanLeaf Fashion 438,Fashion,UrbanLeaf,2336.68,4.3,0.595,"unisex,cotton"
1777,Tailspin Pet 507,Pets,Tailspin,5105.76,3.2,0.825,"toys,cat,treats"
1778,RidePro Automotive 490,Automotive,RidePro,17988.31,3.6,0.467,"car-care,audio,storage"
1779,Funfinity Toy 471,Toys,Funfinity,3951.04,3.9,0.378,"board-game,puzzle,plush,STEM"
1780,Autonix Automotive 113,Automotive,Autonix,9235.06,2.7,0.511,"safety,performance,storage,cleaning"
1781,Funfinity Toy 606,Toys,Funfinity,1577.6,4.2,0.258,"puzzle,creative,collectible,board-game"
1782,Silka Beauty 480,Beauty,Silka,2087.96,3.9,0.765,"paraben-free,vitamin-c,matte"
1783,Whiskerly Pet 204,Pets,Whiskerly,9270.28,4.6,0.531,"bedding,dog,treats,toys"
1784,RoadRite Automotive 624,Automotive,RoadRite,10903.93,3.8,0.686,"safety,performance"
1785,ZenWare Electronic 292,Electronics,ZenWare,73460.56,3.7,0.66,"wireless,bluetooth,smart,4k"
1786,ModeX Fashion 870,Fashion,ModeX,3149.21,4.3,0.516,"cotton,summer"
1787,BluePine Fashion 658,Fashion,BluePine,3507.86,3.7,0.819,"cotton,unisex"
1788,Nestica Home 792,Home,Nestica,26917.74,2.8,0.576,"cozy,modern"
1789,Naturra Beauty 179,Beauty,Naturra,1947.34,4.5,0.85,"organic,fragrance-free,matte"
1790,Funfinity Toy 536,Toys,Funfinity,2356.87,3.7,0.27,"collectible,plush,STEM,creative"
1791,GearGrid Automotive 759,Automotive,GearGrid,9285.03,4.8,0.781,"performance,lighting,cleaning"
1792,Homely Home 321,Home,Homely,1785.97,4.2,0.819,"modern,LED"
1793,NutriGo Grocery 553,Grocery,NutriGo,286.74,3.9,0.615,"beverage,vegan,gluten-free"
1794,StoryArc Book 505,Books,StoryArc,1311.64,4.0,0.541,"sci-fi,fantasy,history,non-fiction"
1795,GoodGrain Grocery 210,Grocery,GoodGrain,352.72,4.1,0.983,"staple,gluten-free,organic,beverage"
1796,Auralux Electronic 367,Electronics,Auralux,21698.42,4.5,0.463,"noise-cancel,bluetooth,smart"
1797,ModeX Fashion 146,Fashion,ModeX,5599.34,4.8,0.405,"cotton,winter,formal,unisex"
1798,BluePine Fashion 647,Fashion,BluePine,2606.04,3.4,0.6,"unisex,cotton"
1799,Pageturn Book 210,Books,Pageturn,242.32,3.6,0.396,"fantasy,fiction,kids"
1800,SwiftFit Sport 182,Sports,SwiftFit,3096.64,4.1,0.437,"waterproof,strength"
1801,Homely Home 922,Home,Homely,12414.95,4.0,0.553,"minimal,steel,cozy"
1802,BluePine Fashion 974,Fashion,BluePine,2793.39,4.5,0.56,"casual,cotton"
1803,Homely Home 334,Home,Homely,14037.53,3.9,0.583,"minimal,steel,modern"
1804,Flexion Sport 135,Sports,Flexion,9793.37,4.2,0.616,"strength,training,running,waterproof"
1805,GlowGrid Home 480,Home,GlowGrid,13027.4,4.3,0.692,"steel,LED"
1806,ModeX Fashion 757,Fashion,ModeX,5347.28,2.7,0.503,"unisex,summer"
1807,RidePro Automotive 924,Automotive,RidePro,12360.88,3.7,0.6,"storage,performance,lighting"
1808,GreenBarn Grocery 767,Grocery,GreenBarn,389.41,4.8,0.732,"low-sugar,beverage"
1809,Autonix Automotive 960,Automotive,Autonix,7705.05,3.0,0.589,"car-care,storage,performance,accessory"
1810,Leaf&Line Book 669,Books,Leaf&Line,528.98,3.2,0.38,"fantasy,biography,kids"
1811,DailyFresh Grocery 785,Grocery,DailyFresh,311.57,3.6,0.99,"staple,gluten-free"
1812,NutriGo Grocery 575,Grocery,NutriGo,298.31,3.2,0.467,"organic,vegan,staple"
1813,CasaCore Home 997,Home,CasaCore,9117.66,3.6,0.646,"storage,wood,decor"
1814,PureFarm Grocery 585,Grocery,PureFarm,336.19,3.6,0.621,"spice,vegan"
1815,Lumine Beauty 465,Beauty,Lumine,1378.76,4.6,0.614,"organic,fragrance-free,matte,vitamin-c"
1816,CasaCore Home 231,Home,CasaCore,18226.34,3.6,0.362,"cozy,steel,wood"
1817,ModeX Fashion 321,Fashion,ModeX,1215.71,3.4,0.676,"athleisure,winter"
1818,BluePine Fashion 726,Fashion,BluePine,5026.74,4.4,0.457,"athleisure,summer"
1819,GearGrid Automotive 623,Automotive,GearGrid,7592.43,4.6,0.205,"storage,performance,car-care,safety"
1820,Auralux Electronic 800,Electronics,Auralux,60622.9,4.0,0.673,"bluetooth,portable,USB-C,noise-cancel"
1821,FurEver Pet 426,Pets,FurEver,8207.88,4.0,0.423,"dog,training,grooming,toys"
1822,Whiskerly Pet 121,Pets,Whiskerly,4334.72,4.5,0.764,"cat,grooming"
1823,CasaCore Home 996,Home,CasaCore,1293.49,4.6,0.665,"LED,wood,decor"
1824,GlowGrid Home 826,Home,GlowGrid,6804.43,4.8,0.757,"minimal,storage,LED,cozy"
1825,Furnio Home 800,Home,Furnio,2944.57,4.6,0.699,"storage,minimal"
1826,ZenWare Electronic 207,Electronics,ZenWare,31932.71,3.3,0.199,"smart,USB-C,4k"
1827,GreenBarn Grocery 392,Grocery,GreenBarn,358.53,4.4,0.468,"snack,gluten-free"
1828,Funfinity Toy 555,Toys,Funfinity,859.71,3.9,0.99,"creative,puzzle,STEM"
1829,Flexion Sport 835,Sports,Flexion,5644.92,4.3,0.411,"running,cycling,indoor"
1830,Bloomly Beauty 139,Beauty,Bloomly,220.98,3.7,0.668,"paraben-free,fragrance-free,matte"
1831,Silka Beauty 806,Beauty,Silka,122.75,4.4,0.679,"paraben-free,hydrating,vitamin-c,fragrance-free"
1832,JoyBox Toy 384,Toys,JoyBox,1881.95,5.0,0.627,"outdoor,educational,plush"
1833,GoodGrain Grocery 846,Grocery,GoodGrain,140.88,4.3,0.565,"vegan,low-sugar"
1834,KiddiCo Toy 527,Toys,KiddiCo,4119.7,4.8,0.214,"creative,puzzle"
1835,Flexion Sport 416,Sports,Flexion,10932.01,3.7,0.604,"running,waterproof"
1836,GearGrid Automotive 258,Automotive,GearGrid,4527.9,4.4,0.712,"lighting,car-care"
1837,Inkspire Book 272,Books,Inkspire,187.95,4.7,0.388,"fiction,biography"
1838,Bloomly Beauty 516,Beauty,Bloomly,314.29,4.7,0.638,"long-wear,vitamin-c"
1839,Homely Home 186,Home,Homely,19123.11,3.8,0.363,"cozy,modern,LED,minimal"
1840,ZenWare Electronic 179,Electronics,ZenWare,36899.55,4.6,0.435,"smart,USB-C"
1841,GoodGrain Grocery 429,Grocery,GoodGrain,446.73,3.9,0.573,"beverage,vegan,low-sugar,organic"
1842,BluePine Fashion 513,Fashion,BluePine,4079.46,5.0,0.49,"unisex,summer,formal,winter"
1843,ModeX Fashion 121,Fashion,ModeX,1751.94,3.8,0.615,"casual,winter,slim-fit"
1844,Velora Fashion 883,Fashion,Velora,2365.36,3.9,0.55,"unisex,casual,slim-fit,summer"
1845,Flexion Sport 520,Sports,Flexion,6810.4,4.7,0.35,"waterproof,indoor,yoga"
1846,RoadRite Automotive 505,Automotive,RoadRite,14339.79,3.4,0.276,"accessory,lighting,car-care,cleaning"
1847,Quillhouse Book 278,Books,Quillhouse,1435.39,4.7,0.247,"biography,history,sci-fi"
1848,Naturra Beauty 296,Beauty,Naturra,3373.49,4.1,0.647,"long-wear,paraben-free,matte"
1849,DailyFresh Grocery 964,Grocery,DailyFresh,296.33,4.5,0.857,"snack,low-sugar"
1850,Quillhouse Book 220,Books,Quillhouse,1459.21,3.3,0.722,"self-help,kids,history"
1851,Leaf&Line Book 414,Books,Leaf&Line,345.54,4.0,0.592,"fantasy,kids,non-fiction,self-help"
1852,GreenBarn Grocery 341,Grocery,GreenBarn,467.25,5.0,0.299,"staple,spice"
1853,Quillhouse Book 322,Books,Quillhouse,1026.18,3.8,0.482,"fiction,history,non-fiction"
1854,GreenBarn Grocery 103,Grocery,GreenBarn,274.55,3.4,0.746,"vegan,spice"
1855,Auralux Electronic 708,Electronics,Auralux,68279.21,4.1,0.859,"smart,portable,USB-C"
1856,ModeX Fashion 162,Fashion,ModeX,4384.26,3.6,0.455,"athleisure,slim-fit"
1857,CasaCore Home 651,Home,CasaCore,13030.2,4.5,0.712,"LED,storage,modern"
1858,Auralux Electronic 550,Electronics,Auralux,73348.01,4.3,0.761,"4k,USB-C,noise-cancel"
1859,JoyBox Toy 906,Toys,JoyBox,4564.5,4.3,0.523,"STEM,collectible"
1860,KiddiCo Toy 506,Toys,KiddiCo,2230.39,4.4,0.777,"collectible,creative,educational,puzzle"
1861,Pawfect Pet 303,Pets,Pawfect,4459.48,4.5,0.982,"dog,training,treats,toys"
1862,UrbanLeaf Fashion 407,Fashion,UrbanLeaf,3802.01,4.0,0.491,"athleisure,unisex,slim-fit,casual"
1863,Strider Sport 478,Sports,Strider,3922.53,3.9,0.155,"running,waterproof,outdoor,training"
1864,GlowGrid Home 211,Home,GlowGrid,1823.01,3.5,0.634,"steel,modern,decor,LED"
1865,Tailspin Pet 304,Pets,Tailspin,5845.03,3.8,0.519,"cat,health"
1866,Quillhouse Book 430,Books,Quillhouse,721.86,4.5,0.402,"biography,non-fiction"
1867,Strider Sport 919,Sports,Strider,16068.53,4.0,0.318,"yoga,waterproof,training,outdoor"
1868,Athletiq Sport 638,Sports,Athletiq,4513.71,4.4,0.591,"indoor,running,yoga,strength"
1869,Electra Electronic 881,Electronics,Electra,29892.25,3.5,0.627,"noise-cancel,portable,bluetooth"
1870,Leaf&Line Book 571,Books,Leaf&Line,1155.2,4.9,0.943,"history,kids,non-fiction"
1871,PlayPulse Toy 478,Toys,PlayPulse,222.67,4.4,0.473,"STEM,plush,collectible,creative"
1872,Saffra Fashion 257,Fashion,Saffra,3345.19,3.4,0.925,"athleisure,unisex"
1873,Tailspin Pet 867,Pets,Tailspin,630.78,4.4,0.868,"bedding,health,dog,training"
1874,PixelPeak Electronic 657,Electronics,PixelPeak,72453.18,3.3,0.724,"USB-C,4k,noise-cancel"
1875,FurEver Pet 983,Pets,FurEver,6890.87,4.6,0.677,"cat,health,grooming"
1876,Homely Home 377,Home,Homely,3368.75,4.2,0.487,"LED,decor"
1877,Quillhouse Book 819,Books,Quillhouse,1333.19,4.2,0.787,"self-help,kids,history"
1878,PetVibe Pet 774,Pets,PetVibe,8874.36,3.7,0.658,"toys,health"
1879,Bloomly Beauty 650,Beauty,Bloomly,2704.34,4.3,0.582,"paraben-free,organic"
1880,Inkspire Book 555,Books,Inkspire,1201.85,4.2,0.694,"fiction,non-fiction"
1881,BluePine Fashion 957,Fashion,BluePine,5820.31,4.5,0.522,"winter,summer,formal,cotton"
1882,DailyFresh Grocery 487,Grocery,DailyFresh,323.27,4.2,0.733,"vegan,spice"
1883,GearGrid Automotive 171,Automotive,GearGrid,22789.15,1.9,0.735,"accessory,cleaning,performance,lighting"
1884,GearGrid Automotive 982,Automotive,GearGrid,20071.67,4.1,0.13,"audio,storage,accessory"
1885,Autonix Automotive 736,Automotive,Autonix,13813.74,3.2,0.738,"storage,cleaning,lighting"
1886,StoryArc Book 829,Books,StoryArc,1311.48,3.7,0.281,"sci-fi,biography,history,kids"
1887,ZenWare Electronic 837,Electronics,ZenWare,55720.33,4.0,0.21,"4k,noise-cancel,wireless,portable"
1888,NutriGo Grocery 819,Grocery,NutriGo,345.82,4.0,0.657,"snack,spice,beverage"
1889,Auralux Electronic 557,Electronics,Auralux,58561.71,4.4,0.489,"wireless,smart,fast-charge"
1890,ModeX Fashion 541,Fashion,ModeX,724.75,3.8,0.271,"winter,formal,slim-fit"
1891,PureGlow Beauty 281,Beauty,PureGlow,1466.86,3.9,0.425,"paraben-free,SPF"
1892,PetVibe Pet 525,Pets,PetVibe,1821.48,4.8,0.72,"cat,toys,grooming,treats"
1893,Nestica Home 703,Home,Nestica,9230.87,5.0,0.65,"steel,minimal,modern"
1894,GoodGrain Grocery 345,Grocery,GoodGrain,279.68,4.7,0.72,"snack,organic,beverage"
1895,GreenBarn Grocery 610,Grocery,GreenBarn,257.02,4.2,0.441,"gluten-free,snack,vegan,spice"
1896,KiddiCo Toy 483,Toys,KiddiCo,4337.46,4.0,0.598,"board-game,creative"
1897,CasaCore Home 622,Home,CasaCore,15605.07,4.5,0.603,"modern,storage,steel"
1898,Saffra Fashion 433,Fashion,Saffra,4485.27,3.8,0.829,"casual,athleisure,formal,cotton"
1899,Auralux Electronic 672,Electronics,Auralux,24219.17,3.2,0.69,"wireless,bluetooth"
1900,PureGlow Beauty 983,Beauty,PureGlow,2467.8,4.5,0.826,"matte,hydrating"
1901,PureGlow Beauty 300,Beauty,PureGlow,3161.3,3.2,0.3,"fragrance-free,organic,matte"
1902,NutriGo Grocery 862,Grocery,NutriGo,428.24,4.7,0.83,"gluten-free,low-sugar,snack"
1903,RidePro Automotive 124,Automotive,RidePro,19472.39,2.4,0.99,"car-care,storage,safety"
1904,RidePro Automotive 841,Automotive,RidePro,876.39,4.2,0.503,"performance,accessory,storage"
1905,Athletiq Sport 660,Sports,Athletiq,6126.81,4.1,0.822,"running,outdoor,yoga"
1906,Silka Beauty 893,Beauty,Silka,1129.15,4.8,0.48,"SPF,matte,paraben-free,hydrating"
1907,DailyFresh Grocery 108,Grocery,DailyFresh,385.09,4.4,0.418,"gluten-free,low-sugar,staple"
1908,NutriGo Grocery 675,Grocery,NutriGo,443.85,3.9,0.825,"beverage,organic"
1909,ModeX Fashion 324,Fashion,ModeX,1823.94,4.2,0.445,"cotton,athleisure,winter"
1910,StoryArc Book 437,Books,StoryArc,1068.84,4.7,0.538,"fantasy,fiction,self-help,sci-fi"
1911,KiddiCo Toy 700,Toys,KiddiCo,1935.6,4.3,0.714,"board-game,collectible"
1912,GreenBarn Grocery 820,Grocery,GreenBarn,69.51,4.2,0.546,"staple,vegan,low-sugar"
1913,KiddiCo Toy 377,Toys,KiddiCo,219.01,4.0,0.222,"plush,outdoor"
1914,GoodGrain Grocery 413,Grocery,GoodGrain,157.29,3.9,0.492,"organic,low-sugar,beverage"
1915,Athletiq Sport 142,Sports,Athletiq,10893.73,3.1,0.785,"training,indoor,cycling,running"
1916,Quillhouse Book 326,Books,Quillhouse,1031.28,4.1,0.696,"fantasy,history,self-help,sci-fi"
1917,Leaf&Line Book 138,Books,Leaf&Line,628.22,4.6,0.815,"fiction,fantasy,history"
1918,GlowGrid Home 787,Home,GlowGrid,27274.18,4.5,0.596,"storage,cozy,modern"
1919,PeakPro Sport 836,Sports,PeakPro,9326.34,4.3,0.478,"yoga,running"
1920,UrbanLeaf Fashion 447,Fashion,UrbanLeaf,5167.64,4.3,0.99,"casual,summer,winter,athleisure"
1921,NutriGo Grocery 208,Grocery,NutriGo,75.4,3.8,0.471,"snack,spice,staple"
1922,Flexion Sport 215,Sports,Flexion,17907.37,4.1,0.588,"indoor,cycling,outdoor,strength"
1923,Whiskerly Pet 930,Pets,Whiskerly,1819.88,4.5,0.941,"treats,dog"
1924,Furnio Home 255,Home,Furnio,29824.08,4.1,0.557,"cozy,minimal"
1925,PureFarm Grocery 482,Grocery,PureFarm,252.99,4.1,0.534,"spice,snack,low-sugar,beverage"
1926,Auralux Electronic 744,Electronics,Auralux,9042.05,4.0,0.611,"wireless,4k,USB-C"
1927,Whiskerly Pet 302,Pets,Whiskerly,372.88,4.4,0.569,"training,cat,toys"
1928,Athletiq Sport 931,Sports,Athletiq,12847.22,4.3,0.541,"training,running,waterproof"
1929,Saffra Fashion 537,Fashion,Saffra,1588.32,3.6,0.579,"unisex,winter,casual"
1930,GoodGrain Grocery 734,Grocery,GoodGrain,131.35,3.8,0.551,"organic,spice,low-sugar"
1931,Nestica Home 869,Home,Nestica,6079.07,4.2,0.722,"modern,storage,decor"
1932,GlowGrid Home 130,Home,GlowGrid,14950.64,4.7,0.235,"storage,decor,modern,steel"
1933,PlayPulse Toy 645,Toys,PlayPulse,4865.44,3.2,0.685,"collectible,board-game"
1934,Nestica Home 342,Home,Nestica,16763.71,4.5,0.31,"wood,decor,storage,steel"
1935,Silka Beauty 216,Beauty,Silka,1533.08,4.7,0.44,"fragrance-free,SPF,matte"
1936,PureFarm Grocery 699,Grocery,PureFarm,234.21,4.2,0.56,"staple,low-sugar"
1937,Pawfect Pet 100,Pets,Pawfect,652.81,3.8,0.489,"health,treats"
1938,FurEver Pet 134,Pets,FurEver,3245.62,4.0,0.741,"treats,dog"
1939,Toyverse Toy 676,Toys,Toyverse,3665.81,4.2,0.501,"educational,outdoor,creative,puzzle"
1940,PureFarm Grocery 802,Grocery,PureFarm,249.27,3.4,0.645,"beverage,low-sugar"
1941,BluePine Fashion 650,Fashion,BluePine,4004.93,4.1,0.773,"summer,winter,athleisure,unisex"
1942,GlowGrid Home 288,Home,GlowGrid,11009.29,4.0,0.682,"steel,decor"
1943,PureFarm Grocery 138,Grocery,PureFarm,50.78,3.7,0.404,"spice,low-sugar"
1944,NutriGo Grocery 674,Grocery,NutriGo,305.74,4.0,0.581,"spice,snack,low-sugar"
1945,PureGlow Beauty 727,Beauty,PureGlow,3924.83,4.3,0.618,"matte,long-wear,vitamin-c,hydrating"
1946,Electra Electronic 120,Electronics,Electra,29695.98,4.8,0.678,"portable,fast-charge"
1947,Funfinity Toy 829,Toys,Funfinity,3352.75,3.7,0.751,"puzzle,educational"
1948,Leaf&Line Book 293,Books,Leaf&Line,971.02,3.4,0.755,"biography,non-fiction"
1949,ModeX Fashion 536,Fashion,ModeX,550.63,4.0,0.453,"casual,summer,slim-fit"
1950,Flexion Sport 858,Sports,Flexion,10315.03,4.4,0.493,"training,outdoor,indoor,waterproof"
1951,Bloomly Beauty 860,Beauty,Bloomly,225.08,4.3,0.929,"hydrating,paraben-free"
1952,Flexion Sport 464,Sports,Flexion,14033.11,3.5,0.407,"training,cycling,indoor"
1953,PureGlow Beauty 231,Beauty,PureGlow,2087.02,2.8,0.99,"hydrating,matte"
1954,Nestica Home 965,Home,Nestica,13237.98,3.7,0.159,"steel,minimal,wood,LED"
1955,JoyBox Toy 478,Toys,JoyBox,3392.19,5.0,0.463,"puzzle,STEM,outdoor,collectible"
1956,PlayPulse Toy 667,Toys,PlayPulse,959.14,4.6,0.798,"collectible,outdoor,creative,puzzle"
1957,NutriGo Grocery 284,Grocery,NutriGo,242.23,5.0,0.661,"staple,beverage,spice"
1958,BluePine Fashion 504,Fashion,BluePine,3047.5,3.7,0.545,"casual,athleisure"
1959,TorqueX Automotive 733,Automotive,TorqueX,11440.49,4.8,0.337,"safety,lighting"
1960,Strider Sport 654,Sports,Strider,949.17,5.0,0.8,"outdoor,waterproof,running"
1961,Homely Home 753,Home,Homely,6619.89,4.3,0.857,"storage,LED,wood"
1962,RoadRite Automotive 801,Automotive,RoadRite,2347.65,3.4,0.747,"audio,accessory,storage"
1963,Velora Fashion 900,Fashion,Velora,4401.22,4.9,0.671,"casual,slim-fit,athleisure,unisex"
1964,CasaCore Home 834,Home,CasaCore,19472.46,3.8,0.188,"storage,steel"
1965,PlayPulse Toy 568,Toys,PlayPulse,933.87,3.7,0.364,"board-game,collectible"
1966,GoodGrain Grocery 391,Grocery,GoodGrain,206.23,3.3,0.529,"beverage,gluten-free,staple,vegan"
1967,PetVibe Pet 554,Pets,PetVibe,5360.84,4.9,0.709,"training,cat,toys"
1968,Funfinity Toy 436,Toys,Funfinity,4345.42,4.8,0.231,"educational,creative"
1969,GlowGrid Home 620,Home,GlowGrid,12329.24,3.7,0.607,"cozy,wood,decor"
1970,UrbanLeaf Fashion 624,Fashion,UrbanLeaf,2735.32,3.1,0.524,"winter,unisex,summer,cotton"
1971,Flexion Sport 506,Sports,Flexion,5966.7,4.0,0.771,"running,yoga,waterproof"
1972,Funfinity Toy 452,Toys,Funfinity,3895.81,3.9,0.572,"outdoor,board-game,puzzle"
1973,StoryArc Book 395,Books,StoryArc,1418.87,4.2,0.898,"self-help,fiction,history"
1974,Pawfect Pet 662,Pets,Pawfect,1376.58,3.3,0.882,"toys,cat,training"
1975,Homely Home 731,Home,Homely,26481.49,3.8,0.843,"storage,LED"
1976,Saffra Fashion 326,Fashion,Saffra,1464.51,4.0,0.598,"winter,slim-fit"
1977,Funfinity Toy 734,Toys,Funfinity,4378.15,3.9,0.604,"outdoor,puzzle,creative"
1978,GreenBarn Grocery 476,Grocery,GreenBarn,106.77,4.5,0.467,"low-sugar,beverage"
1979,GearGrid Automotive 386,Automotive,GearGrid,3506.06,5.0,0.569,"accessory,safety,performance"
1980,CasaCore Home 195,Home,CasaCore,24483.88,3.8,0.827,"LED,modern"
1981,Leaf&Line Book 275,Books,Leaf&Line,1112.94,4.7,0.429,"non-fiction,fantasy,fiction"
1982,NovaTech Electronic 567,Electronics,NovaTech,61046.5,4.5,0.801,"wireless,noise-cancel,bluetooth"
1983,RoadRite Automotive 282,Automotive,RoadRite,21974.13,3.5,0.403,"safety,lighting,performance"
1984,Strider Sport 308,Sports,Strider,1969.89,4.1,0.371,"waterproof,yoga,outdoor"
1985,Homely Home 469,Home,Homely,13471.03,3.1,0.707,"decor,LED,steel"
1986,Silka Beauty 772,Beauty,Silka,1324.37,4.9,0.795,"vitamin-c,long-wear,paraben-free"
1987,TorqueX Automotive 830,Automotive,TorqueX,5794.11,4.2,0.344,"audio,lighting,car-care"
1988,ModeX Fashion 495,Fashion,ModeX,1982.29,3.8,0.897,"formal,winter"
1989,Bloomly Beauty 771,Beauty,Bloomly,1939.95,3.5,0.622,"fragrance-free,vitamin-c"
1990,Strider Sport 137,Sports,Strider,14880.32,3.7,0.552,"waterproof,cycling,training"
1991,SwiftFit Sport 761,Sports,SwiftFit,19096.75,3.2,0.531,"running,strength"
1992,Autonix Automotive 333,Automotive,Autonix,14296.25,4.7,0.616,"audio,safety,accessory"
1993,RoadRite Automotive 780,Automotive,RoadRite,11737.13,3.6,0.795,"storage,lighting"
1994,Tailspin Pet 343,Pets,Tailspin,2619.02,3.8,0.656,"cat,health,grooming,bedding"
1995,CasaCore Home 244,Home,CasaCore,25496.23,4.2,0.55,"minimal,steel"
1996,Tailspin Pet 337,Pets,Tailspin,5904.21,4.3,0.328,"training,toys,health"
1997,GoodGrain Grocery 136,Grocery,GoodGrain,473.26,3.7,0.403,"snack,vegan,beverage,organic"
1998,NovaTech Electronic 672,Electronics,NovaTech,60540.39,4.3,0.437,"bluetooth,noise-cancel,portable,4k"
1999,UrbanLeaf Fashion 971,Fashion,UrbanLeaf,2856.42,4.7,0.432,"cotton,formal"
